date,ticker,high,low,open,close
2025-01-15,NYSE:GWW,1116.99,1091.72,1101.95,1093.36
2025-01-16,NYSE:GWW,1116.59,1093.4,1098.7,1110.35
2025-01-17,NYSE:GWW,1127.6799,1093.425,1109.66,1113.6
2025-01-21,NYSE:GWW,1133.33,1112.45,1123.55,1121.51
2025-01-22,NYSE:GWW,1128.66,1117.01,1122.0,1122.93
2025-01-23,NYSE:GWW,1130.53,1118.77,1127.0,1121.41
2025-01-24,NYSE:GWW,1126.835,1115.83,1119.13,1121.57
2025-01-27,NYSE:GWW,1138.625,1113.85,1113.85,1132.42
2025-01-28,NYSE:GWW,1137.65,1119.35,1126.94,1131.28
2025-01-29,NYSE:GWW,1139.15,1110.465,1127.22,1114.01
2025-01-30,NYSE:GWW,1130.615,1118.43,1121.64,1126.07
2025-01-31,NYSE:GWW,1083.95,1030.01,1062.2,1062.67
2025-02-03,NYSE:GWW,1055.0,1030.66,1043.77,1046.74
2025-02-04,NYSE:GWW,1056.76,1040.4,1056.76,1042.59
2025-02-05,NYSE:GWW,1048.155,1021.76,1042.7,1042.92
2025-02-06,NYSE:GWW,1051.04,1036.67,1045.05,1045.32
2025-02-07,NYSE:GWW,1048.46,1031.51,1045.79,1035.8
2025-02-10,NYSE:GWW,1043.4,1030.03,1043.4,1038.47
2025-02-11,NYSE:GWW,1047.775,1033.18,1037.61,1046.36
2025-02-12,NYSE:GWW,1033.79,1025.68,1029.59,1027.55
2025-02-13,NYSE:GWW,1036.565,1024.4215,1030.75,1027.83
2025-02-14,NYSE:GWW,1036.38,1021.5403,1028.26,1027.73
2025-02-18,NYSE:GWW,1029.8,1011.71,1026.73,1022.64
2025-02-19,NYSE:GWW,1022.09,1008.51,1015.3,1021.04
2025-02-20,NYSE:GWW,1027.23,1012.89,1024.31,1024.3
2025-02-21,NYSE:GWW,1023.47,998.405,1023.47,1007.9
2025-02-24,NYSE:GWW,1009.37,998.02,1005.18,998.02
2025-02-25,NYSE:GWW,1009.49,990.8433,996.23,1003.56
2025-02-26,NYSE:GWW,1012.95,1004.395,1007.2,1008.08
2025-02-27,NYSE:GWW,1021.57,1007.95,1009.78,1010.92
2025-02-28,NYSE:GWW,1029.86,1006.66,1020.0,1021.21
2025-03-03,NYSE:GWW,1024.485,996.4,1021.0,999.5
2025-03-04,NYSE:GWW,1002.54,982.61,992.31,988.78
2025-03-05,NYSE:GWW,998.07,977.85,989.29,985.06
2025-03-06,NYSE:GWW,998.17,978.3,979.81,995.82
2025-03-07,NYSE:GWW,1013.33,990.745,991.41,1007.71
2025-03-10,NYSE:GWW,1031.2,1007.93,1009.24,1015.84
2025-03-11,NYSE:GWW,1009.095,979.78,1005.01,981.54
2025-03-12,NYSE:GWW,993.0,966.71,984.8,968.29
2025-03-13,NYSE:GWW,966.26,952.64,965.0,953.54
2025-03-14,NYSE:GWW,968.91,953.54,964.51,967.82
2025-03-17,NYSE:GWW,980.52,965.03,965.03,977.41
2025-03-18,NYSE:GWW,978.97,966.21,973.34,974.77
2025-03-19,NYSE:GWW,985.66,968.78,973.55,983.59
2025-03-20,NYSE:GWW,984.36,971.02,974.95,973.66
2025-03-21,NYSE:GWW,973.895,962.0,966.84,973.09
2025-03-24,NYSE:GWW,993.03,981.5,981.5,991.59
2025-03-25,NYSE:GWW,999.925,981.64,993.1,990.2
2025-03-26,NYSE:GWW,999.54,986.94,992.66,988.19
2025-03-27,NYSE:GWW,991.7,979.99,991.7,987.24
2025-03-28,NYSE:GWW,986.97,968.12,986.97,975.03
2025-03-31,NYSE:GWW,993.32,968.28,970.1,987.83
2025-04-01,NYSE:GWW,996.28,976.73,981.26,994.06
2025-04-02,NYSE:GWW,1006.7,982.64,984.86,1004.92
2025-04-03,NYSE:GWW,977.6,955.01,955.89,973.41
2025-04-04,NYSE:GWW,975.1,939.455,959.7,942.43
2025-04-07,NYSE:GWW,953.515,893.99,924.57,923.85
2025-04-08,NYSE:GWW,956.8,909.09,945.0,919.93
2025-04-09,NYSE:GWW,980.01,902.44,910.75,965.37
2025-04-10,NYSE:GWW,967.7301,930.05,964.89,960.69
2025-04-11,NYSE:GWW,999.09,956.865,959.03,994.0
2025-04-14,NYSE:GWW,1005.52,980.125,994.0,1000.2
2025-04-15,NYSE:GWW,1004.03,992.79,998.74,999.73
2025-04-16,NYSE:GWW,1009.075,978.66,991.39,985.33
2025-04-17,NYSE:GWW,1013.49,987.48,989.89,1002.69
2025-04-21,NYSE:GWW,998.03,968.105,998.03,978.78
2025-04-22,NYSE:GWW,999.62,985.0,985.0,998.85
2025-04-23,NYSE:GWW,1017.96,989.36,1010.5,992.32
2025-04-24,NYSE:GWW,1021.335,982.86,996.46,1019.15
2025-04-25,NYSE:GWW,1022.33,1005.55,1022.33,1013.87
2025-04-28,NYSE:GWW,1028.07,1004.715,1018.41,1011.41
2025-04-29,NYSE:GWW,1015.44,1004.89,1004.89,1012.71
2025-04-30,NYSE:GWW,1026.405,998.325,1013.38,1024.31
2025-05-01,NYSE:GWW,1082.95,1025.97,1045.72,1053.43
2025-05-02,NYSE:GWW,1074.6599,1057.33,1057.33,1068.0
2025-05-05,NYSE:GWW,1076.21,1061.3,1061.3,1065.48
2025-05-06,NYSE:GWW,1060.7899,1040.65,1053.0,1041.87
2025-05-07,NYSE:GWW,1051.72,1039.6,1044.67,1043.74
2025-05-08,NYSE:GWW,1059.51,1044.02,1050.89,1045.89
2025-05-09,NYSE:GWW,1048.49,1030.08,1048.49,1037.06
2025-05-12,NYSE:GWW,1073.405,1046.42,1060.44,1067.45
2025-05-13,NYSE:GWW,1075.15,1063.45,1069.98,1066.37
2025-05-14,NYSE:GWW,1078.65,1061.96,1067.49,1069.81
2025-05-15,NYSE:GWW,1088.25,1069.99,1069.99,1084.51
2025-05-16,NYSE:GWW,1102.84,1086.035,1086.98,1101.66
2025-05-19,NYSE:GWW,1103.69,1092.81,1092.81,1100.41
2025-05-20,NYSE:GWW,1102.005,1088.24,1095.44,1091.53
2025-05-21,NYSE:GWW,1090.99,1078.2502,1080.05,1081.38
2025-05-22,NYSE:GWW,1084.97,1071.93,1081.78,1078.14
2025-05-23,NYSE:GWW,1077.75,1067.11,1069.4,1071.88
2025-05-27,NYSE:GWW,1091.24,1075.21,1082.8,1089.81
2025-05-28,NYSE:GWW,1094.825,1079.75,1092.95,1081.06
2025-05-29,NYSE:GWW,1087.14,1075.815,1081.93,1085.74
2025-05-30,NYSE:GWW,1092.41,1081.36,1086.87,1087.56
2025-06-02,NYSE:GWW,1089.73,1062.08,1079.6,1074.44
2025-06-03,NYSE:GWW,1089.2,1072.9501,1074.98,1088.04
2025-06-04,NYSE:GWW,1090.845,1075.96,1088.03,1075.96
2025-06-05,NYSE:GWW,1086.26,1072.4,1077.65,1085.52
2025-06-06,NYSE:GWW,1097.85,1089.13,1097.85,1094.37
2025-06-09,NYSE:GWW,1100.0,1077.33,1100.0,1078.36
2025-06-10,NYSE:GWW,1088.115,1072.0,1083.01,1085.34
2025-06-11,NYSE:GWW,1083.27,1073.66,1083.27,1078.63
2025-06-12,NYSE:GWW,1082.885,1070.11,1073.21,1081.55
2025-06-13,NYSE:GWW,1079.53,1061.96,1074.0,1064.23
2025-06-16,NYSE:GWW,1077.6375,1063.57,1073.54,1071.8
2025-06-17,NYSE:GWW,1076.64,1042.99,1069.2,1045.46
2025-06-18,NYSE:GWW,1051.2,1042.41,1048.21,1042.67
2025-06-20,NYSE:GWW,1052.13,1030.59,1049.95,1037.22
2025-01-15,NYSE:EBR,5.87,5.71,5.84,5.87
2025-01-16,NYSE:EBR,5.85,5.7,5.85,5.72
2025-01-17,NYSE:EBR,5.9,5.705,5.74,5.79
2025-01-21,NYSE:EBR,5.89,5.82,5.87,5.87
2025-01-22,NYSE:EBR,6.025,5.885,5.91,5.92
2025-01-23,NYSE:EBR,6.0,5.88,5.91,5.92
2025-01-24,NYSE:EBR,6.005,5.92,5.96,5.92
2025-01-27,NYSE:EBR,6.18,5.99,6.09,6.18
2025-01-28,NYSE:EBR,6.19,6.11,6.18,6.13
2025-01-29,NYSE:EBR,6.16,6.04,6.11,6.06
2025-01-30,NYSE:EBR,6.26,6.08,6.08,6.23
2025-01-31,NYSE:EBR,6.315,6.18,6.31,6.19
2025-02-03,NYSE:EBR,6.375,6.19,6.23,6.3
2025-02-04,NYSE:EBR,6.32,6.215,6.26,6.29
2025-02-05,NYSE:EBR,6.265,6.165,6.18,6.2
2025-02-06,NYSE:EBR,6.245,6.15,6.23,6.18
2025-02-07,NYSE:EBR,6.19,6.02,6.19,6.03
2025-02-10,NYSE:EBR,6.1793,6.085,6.1,6.14
2025-02-11,NYSE:EBR,6.29,6.1701,6.24,6.27
2025-02-12,NYSE:EBR,6.3,6.1508,6.19,6.26
2025-02-13,NYSE:EBR,6.33,6.22,6.25,6.32
2025-02-14,NYSE:EBR,6.635,6.475,6.5,6.58
2025-02-18,NYSE:EBR,6.83,6.69,6.78,6.7
2025-02-19,NYSE:EBR,6.71,6.61,6.65,6.63
2025-02-20,NYSE:EBR,6.66,6.58,6.66,6.63
2025-02-21,NYSE:EBR,6.63,6.54,6.6,6.59
2025-02-24,NYSE:EBR,6.62,6.44,6.61,6.48
2025-02-25,NYSE:EBR,6.61,6.52,6.52,6.57
2025-02-26,NYSE:EBR,6.53,6.41,6.48,6.46
2025-02-27,NYSE:EBR,6.46,6.385,6.44,6.4
2025-02-28,NYSE:EBR,6.795,6.5,6.75,6.52
2025-03-03,NYSE:EBR,6.6203,6.5047,6.54,6.53
2025-03-04,NYSE:EBR,6.53,6.375,6.53,6.46
2025-03-05,NYSE:EBR,6.655,6.45,6.48,6.61
2025-03-06,NYSE:EBR,6.87,6.695,6.7,6.72
2025-03-07,NYSE:EBR,6.775,6.66,6.68,6.72
2025-03-10,NYSE:EBR,6.78,6.63,6.69,6.66
2025-03-11,NYSE:EBR,6.74,6.595,6.67,6.73
2025-03-12,NYSE:EBR,6.77,6.65,6.69,6.73
2025-03-13,NYSE:EBR,6.925,6.66,6.67,6.85
2025-03-14,NYSE:EBR,7.075,6.82,6.84,7.03
2025-03-17,NYSE:EBR,7.17,7.01,7.08,7.17
2025-03-18,NYSE:EBR,7.215,7.06,7.13,7.16
2025-03-19,NYSE:EBR,7.43,7.2,7.2,7.4
2025-03-20,NYSE:EBR,7.49,7.335,7.43,7.41
2025-03-21,NYSE:EBR,7.37,7.27,7.29,7.32
2025-03-24,NYSE:EBR,7.3,7.2,7.22,7.21
2025-03-25,NYSE:EBR,7.45,7.28,7.28,7.33
2025-03-26,NYSE:EBR,7.33,7.195,7.31,7.29
2025-03-27,NYSE:EBR,7.305,7.16,7.25,7.26
2025-03-28,NYSE:EBR,7.2,7.09,7.2,7.14
2025-03-31,NYSE:EBR,7.165,7.075,7.12,7.1
2025-04-01,NYSE:EBR,7.23,7.08,7.1,7.18
2025-04-02,NYSE:EBR,7.22,7.065,7.22,7.12
2025-04-03,NYSE:EBR,7.45,7.275,7.35,7.33
2025-04-04,NYSE:EBR,7.08,6.925,7.01,6.96
2025-04-07,NYSE:EBR,7.045,6.71,6.75,6.86
2025-04-08,NYSE:EBR,7.05,6.76,7.04,6.8
2025-04-09,NYSE:EBR,7.155,6.69,6.74,7.13
2025-04-10,NYSE:EBR,7.08,6.865,6.98,7.03
2025-04-11,NYSE:EBR,7.11,6.97,7.05,7.11
2025-04-14,NYSE:EBR,7.22,7.09,7.12,7.21
2025-04-15,NYSE:EBR,7.21,7.105,7.21,7.14
2025-04-16,NYSE:EBR,7.105,7.0,7.06,7.02
2025-04-17,NYSE:EBR,7.3199,7.01,7.03,7.23
2025-04-21,NYSE:EBR,7.2781,7.17,7.23,7.25
2025-04-22,NYSE:EBR,7.415,7.265,7.3,7.39
2025-04-23,NYSE:EBR,7.55,7.435,7.5,7.46
2025-04-24,NYSE:EBR,7.75,7.56,7.63,7.71
2025-04-25,NYSE:EBR,7.76,7.595,7.73,7.62
2025-04-28,NYSE:EBR,7.765,7.63,7.71,7.69
2025-04-29,NYSE:EBR,7.81,7.725,7.75,7.75
2025-04-30,NYSE:EBR,7.75,7.61,7.65,7.7
2025-05-01,NYSE:EBR,7.74,7.62,7.74,7.65
2025-05-02,NYSE:EBR,7.8,7.62,7.75,7.69
2025-05-05,NYSE:EBR,7.775,7.555,7.74,7.59
2025-05-06,NYSE:EBR,7.6,7.4818,7.55,7.55
2025-05-07,NYSE:EBR,7.51,7.42,7.49,7.46
2025-05-08,NYSE:EBR,7.78,7.56,7.58,7.65
2025-05-09,NYSE:EBR,7.775,7.66,7.68,7.68
2025-05-12,NYSE:EBR,7.57,7.465,7.54,7.53
2025-05-13,NYSE:EBR,7.78,7.63,7.63,7.71
2025-05-14,NYSE:EBR,7.74,7.62,7.7,7.67
2025-05-15,NYSE:EBR,7.465,7.31,7.31,7.34
2025-05-16,NYSE:EBR,7.38,7.18,7.24,7.35
2025-05-19,NYSE:EBR,7.5161,7.295,7.32,7.47
2025-05-20,NYSE:EBR,7.41,7.34,7.4,7.37
2025-05-21,NYSE:EBR,7.34,7.2201,7.34,7.28
2025-05-22,NYSE:EBR,7.55,7.275,7.3,7.35
2025-05-23,NYSE:EBR,7.4,7.13,7.15,7.4
2025-05-27,NYSE:EBR,7.5275,7.44,7.44,7.47
2025-05-28,NYSE:EBR,7.36,7.28,7.33,7.31
2025-05-29,NYSE:EBR,7.45,7.305,7.325,7.37
2025-05-30,NYSE:EBR,7.43,7.315,7.43,7.33
2025-06-02,NYSE:EBR,7.38,7.26,7.37,7.3
2025-06-03,NYSE:EBR,7.45,7.285,7.33,7.4
2025-06-04,NYSE:EBR,7.485,7.31,7.44,7.31
2025-06-05,NYSE:EBR,7.4961,7.39,7.39,7.41
2025-06-06,NYSE:EBR,7.44,7.33,7.44,7.39
2025-06-09,NYSE:EBR,7.4,7.2246,7.36,7.35
2025-06-10,NYSE:EBR,7.53,7.4,7.44,7.42
2025-06-11,NYSE:EBR,7.51,7.3599,7.38,7.45
2025-06-12,NYSE:EBR,7.5,7.42,7.42,7.46
2025-06-13,NYSE:EBR,7.47,7.355,7.39,7.46
2025-06-16,NYSE:EBR,7.69,7.51,7.51,7.63
2025-06-17,NYSE:EBR,7.65,7.535,7.65,7.56
2025-06-18,NYSE:EBR,7.54,7.38,7.54,7.4
2025-06-20,NYSE:EBR,7.36,7.205,7.36,7.22
2025-01-15,NYSE:ERJ,38.91,38.135,38.86,38.49
2025-01-16,NYSE:ERJ,39.73,38.95,39.07,39.73
2025-01-17,NYSE:ERJ,39.95,39.2301,39.73,39.38
2025-01-21,NYSE:ERJ,41.67,40.315,40.315,41.52
2025-01-22,NYSE:ERJ,41.9,40.97,41.73,41.28
2025-01-23,NYSE:ERJ,41.89,41.33,41.75,41.5
2025-01-24,NYSE:ERJ,41.64,40.93,41.4,41.19
2025-01-27,NYSE:ERJ,41.09,39.84,40.59,40.3
2025-01-28,NYSE:ERJ,40.8,40.1267,40.64,40.49
2025-01-29,NYSE:ERJ,40.845,40.11,40.4,40.33
2025-01-30,NYSE:ERJ,41.135,40.185,40.28,40.96
2025-01-31,NYSE:ERJ,41.45,40.825,41.21,40.97
2025-02-03,NYSE:ERJ,40.94,39.27,39.75,40.71
2025-02-04,NYSE:ERJ,41.13,39.72,40.5,39.85
2025-02-05,NYSE:ERJ,46.1,43.07,43.31,45.76
2025-02-06,NYSE:ERJ,45.21,44.13,44.86,44.65
2025-02-07,NYSE:ERJ,45.09,42.825,44.83,43.01
2025-02-10,NYSE:ERJ,43.07,42.04,43.01,42.07
2025-02-11,NYSE:ERJ,42.15,41.39,42.0,41.79
2025-02-12,NYSE:ERJ,41.56,41.02,41.16,41.43
2025-02-13,NYSE:ERJ,42.16,41.02,41.06,42.16
2025-02-14,NYSE:ERJ,42.7,42.08,42.31,42.21
2025-02-18,NYSE:ERJ,42.735,41.9468,42.25,42.59
2025-02-19,NYSE:ERJ,42.9682,42.27,42.48,42.75
2025-02-20,NYSE:ERJ,43.2481,42.71,42.74,43.08
2025-02-21,NYSE:ERJ,42.91,40.99,42.81,41.24
2025-02-24,NYSE:ERJ,41.68,40.33,41.43,41.53
2025-02-25,NYSE:ERJ,43.48,41.95,43.29,42.16
2025-02-26,NYSE:ERJ,43.33,42.23,42.75,42.89
2025-02-27,NYSE:ERJ,48.4,43.4705,43.5,47.5
2025-02-28,NYSE:ERJ,47.7,46.5432,46.74,47.65
2025-03-03,NYSE:ERJ,52.0,48.31,48.4,49.95
2025-03-04,NYSE:ERJ,50.43,48.3,49.46,49.88
2025-03-05,NYSE:ERJ,52.92,49.99,49.99,52.88
2025-03-06,NYSE:ERJ,53.19,51.4501,52.5,51.85
2025-03-07,NYSE:ERJ,51.73,50.46,51.13,51.02
2025-03-10,NYSE:ERJ,51.73,50.7,50.74,51.0
2025-03-11,NYSE:ERJ,51.095,49.94,50.36,50.59
2025-03-12,NYSE:ERJ,51.06,49.9302,50.25,50.6
2025-03-13,NYSE:ERJ,51.44,50.13,50.55,51.0
2025-03-14,NYSE:ERJ,53.4,51.45,51.81,52.33
2025-03-17,NYSE:ERJ,55.15,52.55,52.77,54.62
2025-03-18,NYSE:ERJ,55.32,54.34,54.97,55.2
2025-03-19,NYSE:ERJ,56.61,55.37,55.37,56.4
2025-03-20,NYSE:ERJ,55.8305,51.38,55.17,52.5
2025-03-21,NYSE:ERJ,53.25,51.26,51.555,52.64
2025-03-24,NYSE:ERJ,51.255,49.07,51.08,49.49
2025-03-25,NYSE:ERJ,50.105,48.8,49.45,48.89
2025-03-26,NYSE:ERJ,48.96,48.05,48.89,48.5
2025-03-27,NYSE:ERJ,48.9121,47.465,48.37,47.48
2025-03-28,NYSE:ERJ,47.57,45.95,47.3,46.21
2025-03-31,NYSE:ERJ,46.37,44.45,45.32,46.2
2025-04-01,NYSE:ERJ,46.56,44.96,45.22,46.34
2025-04-02,NYSE:ERJ,46.37,45.6216,45.98,45.83
2025-04-03,NYSE:ERJ,48.5,44.99,45.96,45.17
2025-04-04,NYSE:ERJ,43.17,41.12,43.0,41.7
2025-04-07,NYSE:ERJ,42.3,39.43,39.86,40.69
2025-04-08,NYSE:ERJ,42.265,40.1,41.86,40.42
2025-04-09,NYSE:ERJ,43.7,38.778,39.69,43.1
2025-04-10,NYSE:ERJ,42.24,40.705,42.11,41.04
2025-04-11,NYSE:ERJ,42.0,40.58,41.39,41.31
2025-04-14,NYSE:ERJ,43.4851,42.49,42.95,43.09
2025-04-15,NYSE:ERJ,44.72,43.7,43.81,44.12
2025-04-16,NYSE:ERJ,43.66,42.39,43.57,42.56
2025-04-17,NYSE:ERJ,43.89,42.5,42.59,43.56
2025-04-21,NYSE:ERJ,43.67,41.91,43.52,42.08
2025-04-22,NYSE:ERJ,43.13,41.9,42.75,42.71
2025-04-23,NYSE:ERJ,44.81,44.1,44.3,44.25
2025-04-24,NYSE:ERJ,44.9999,43.94,44.44,44.59
2025-04-25,NYSE:ERJ,45.0,44.26,44.66,44.79
2025-04-28,NYSE:ERJ,45.92,44.71,44.8,45.38
2025-04-29,NYSE:ERJ,45.75,44.9,45.175,45.59
2025-04-30,NYSE:ERJ,46.046,44.605,44.97,45.94
2025-05-01,NYSE:ERJ,46.39,45.39,45.92,45.79
2025-05-02,NYSE:ERJ,47.25,46.41,46.54,46.72
2025-05-05,NYSE:ERJ,47.27,46.16,46.96,46.57
2025-05-06,NYSE:ERJ,46.71,43.8,44.42,46.46
2025-05-07,NYSE:ERJ,47.44,46.215,46.32,46.97
2025-05-08,NYSE:ERJ,50.01,47.63,48.16,49.49
2025-05-09,NYSE:ERJ,49.74,47.67,49.315,48.21
2025-05-12,NYSE:ERJ,48.86,46.85,47.7,48.05
2025-05-13,NYSE:ERJ,49.6,48.555,48.59,49.4
2025-05-14,NYSE:ERJ,50.4504,49.35,49.74,49.68
2025-05-15,NYSE:ERJ,49.84,49.01,49.6,49.39
2025-05-16,NYSE:ERJ,49.32,47.95,48.69,48.81
2025-05-19,NYSE:ERJ,50.138,48.62,48.62,49.98
2025-05-20,NYSE:ERJ,49.64,48.37,49.61,48.68
2025-05-21,NYSE:ERJ,48.715,47.55,48.5,47.79
2025-05-22,NYSE:ERJ,47.855,47.31,47.73,47.41
2025-05-23,NYSE:ERJ,47.57,46.14,46.57,47.49
2025-05-27,NYSE:ERJ,48.63,47.7829,47.91,48.58
2025-05-28,NYSE:ERJ,48.425,46.71,48.19,46.88
2025-05-29,NYSE:ERJ,47.37,46.37,47.37,46.88
2025-05-30,NYSE:ERJ,46.625,45.2,46.6,45.99
2025-06-02,NYSE:ERJ,46.61,45.9,46.52,46.07
2025-06-03,NYSE:ERJ,46.85,45.96,46.39,45.96
2025-06-04,NYSE:ERJ,48.8,47.05,47.05,47.84
2025-06-05,NYSE:ERJ,48.32,47.25,47.84,47.68
2025-06-06,NYSE:ERJ,47.775,46.26,47.76,46.51
2025-06-09,NYSE:ERJ,48.8191,47.06,47.31,48.37
2025-06-10,NYSE:ERJ,48.49,47.285,48.36,47.39
2025-06-11,NYSE:ERJ,47.955,46.64,47.52,47.82
2025-06-12,NYSE:ERJ,49.9,47.48,47.57,49.79
2025-06-13,NYSE:ERJ,49.67,47.89,49.12,48.29
2025-06-16,NYSE:ERJ,51.9234,49.43,50.0,51.04
2025-06-17,NYSE:ERJ,51.22,50.16,50.31,51.08
2025-06-18,NYSE:ERJ,53.82,52.4,52.5,53.15
2025-06-20,NYSE:ERJ,53.92,52.3001,53.74,52.49
2025-01-15,NYSE:UGP,2.77,2.67,2.7,2.77
2025-01-16,NYSE:UGP,2.73,2.64,2.73,2.69
2025-01-17,NYSE:UGP,2.72,2.65,2.69,2.67
2025-01-21,NYSE:UGP,2.74,2.685,2.71,2.72
2025-01-22,NYSE:UGP,2.82,2.73,2.73,2.79
2025-01-23,NYSE:UGP,2.82,2.75,2.81,2.78
2025-01-24,NYSE:UGP,2.78,2.74,2.77,2.75
2025-01-27,NYSE:UGP,2.87,2.79,2.84,2.87
2025-01-28,NYSE:UGP,2.865,2.8,2.85,2.82
2025-01-29,NYSE:UGP,2.8799,2.81,2.84,2.83
2025-01-30,NYSE:UGP,2.95,2.84,2.84,2.93
2025-01-31,NYSE:UGP,2.97,2.835,2.97,2.84
2025-02-03,NYSE:UGP,2.9,2.7861,2.8,2.9
2025-02-04,NYSE:UGP,2.89,2.81,2.87,2.88
2025-02-05,NYSE:UGP,2.84,2.78,2.83,2.8
2025-02-06,NYSE:UGP,2.8552,2.775,2.81,2.85
2025-02-07,NYSE:UGP,2.87,2.76,2.87,2.78
2025-02-10,NYSE:UGP,2.91,2.845,2.86,2.88
2025-02-11,NYSE:UGP,2.975,2.9,2.97,2.94
2025-02-12,NYSE:UGP,2.9,2.805,2.9,2.86
2025-02-13,NYSE:UGP,2.905,2.8549,2.88,2.87
2025-02-14,NYSE:UGP,3.055,2.93,2.93,3.04
2025-02-18,NYSE:UGP,3.08,2.99,3.02,3.03
2025-02-19,NYSE:UGP,3.035,2.935,3.0,2.94
2025-02-20,NYSE:UGP,2.97,2.89,2.95,2.89
2025-02-21,NYSE:UGP,2.905,2.85,2.89,2.85
2025-02-24,NYSE:UGP,2.925,2.82,2.9,2.83
2025-02-25,NYSE:UGP,2.93,2.87,2.87,2.89
2025-02-26,NYSE:UGP,2.89,2.81,2.87,2.82
2025-02-27,NYSE:UGP,2.965,2.89,2.92,2.94
2025-02-28,NYSE:UGP,2.92,2.81,2.89,2.86
2025-03-03,NYSE:UGP,2.91,2.83,2.88,2.84
2025-03-04,NYSE:UGP,2.85,2.73,2.83,2.83
2025-03-05,NYSE:UGP,2.905,2.805,2.87,2.83
2025-03-06,NYSE:UGP,2.845,2.765,2.8,2.81
2025-03-07,NYSE:UGP,2.88,2.81,2.81,2.86
2025-03-10,NYSE:UGP,2.77,2.69,2.75,2.73
2025-03-11,NYSE:UGP,2.7,2.64,2.7,2.68
2025-03-12,NYSE:UGP,2.76,2.65,2.65,2.73
2025-03-13,NYSE:UGP,2.84,2.695,2.7,2.84
2025-03-14,NYSE:UGP,3.04,2.885,2.9,3.03
2025-03-17,NYSE:UGP,3.16,3.035,3.07,3.13
2025-03-18,NYSE:UGP,3.15,3.08,3.14,3.11
2025-03-19,NYSE:UGP,3.16,3.1,3.13,3.14
2025-03-20,NYSE:UGP,3.215,3.13,3.17,3.2
2025-03-21,NYSE:UGP,3.19,3.13,3.16,3.17
2025-03-24,NYSE:UGP,3.13,3.08,3.13,3.1
2025-03-25,NYSE:UGP,3.25,3.1318,3.14,3.17
2025-03-26,NYSE:UGP,3.2,3.14,3.17,3.16
2025-03-27,NYSE:UGP,3.18,3.1,3.14,3.11
2025-03-28,NYSE:UGP,3.13,3.06,3.1,3.11
2025-03-31,NYSE:UGP,3.11,3.06,3.1,3.08
2025-04-01,NYSE:UGP,3.13,3.045,3.08,3.1
2025-04-02,NYSE:UGP,3.135,3.07,3.12,3.1
2025-04-03,NYSE:UGP,3.22,3.14,3.19,3.18
2025-04-04,NYSE:UGP,3.015,2.915,3.01,2.95
2025-04-07,NYSE:UGP,2.995,2.8,2.81,2.87
2025-04-08,NYSE:UGP,2.95,2.72,2.93,2.76
2025-04-09,NYSE:UGP,2.94,2.705,2.72,2.9
2025-04-10,NYSE:UGP,2.87,2.78,2.815,2.85
2025-04-11,NYSE:UGP,2.925,2.8335,2.88,2.9
2025-04-14,NYSE:UGP,2.94,2.84,2.94,2.89
2025-04-15,NYSE:UGP,2.9299,2.83,2.89,2.86
2025-04-16,NYSE:UGP,2.905,2.835,2.86,2.88
2025-04-17,NYSE:UGP,2.99,2.845,2.87,2.97
2025-04-21,NYSE:UGP,2.985,2.92,2.98,2.95
2025-04-22,NYSE:UGP,3.005,2.915,2.94,2.99
2025-04-23,NYSE:UGP,3.1,3.045,3.06,3.07
2025-04-24,NYSE:UGP,3.19,3.08,3.11,3.16
2025-04-25,NYSE:UGP,3.21,3.14,3.16,3.2
2025-04-28,NYSE:UGP,3.2601,3.18,3.22,3.22
2025-04-29,NYSE:UGP,3.25,3.185,3.23,3.2
2025-04-30,NYSE:UGP,3.21,3.13,3.19,3.15
2025-05-01,NYSE:UGP,3.14,3.07,3.12,3.11
2025-05-02,NYSE:UGP,3.2,3.1341,3.2,3.14
2025-05-05,NYSE:UGP,3.13,3.025,3.13,3.03
2025-05-06,NYSE:UGP,3.11,3.05,3.08,3.09
2025-05-07,NYSE:UGP,3.07,2.97,3.07,2.98
2025-05-08,NYSE:UGP,2.9989,2.865,2.92,2.88
2025-05-09,NYSE:UGP,2.93,2.86,2.89,2.92
2025-05-12,NYSE:UGP,2.9299,2.84,2.92,2.87
2025-05-13,NYSE:UGP,3.13,2.95,2.95,3.11
2025-05-14,NYSE:UGP,3.135,3.08,3.11,3.1
2025-05-15,NYSE:UGP,3.13,3.05,3.11,3.07
2025-05-16,NYSE:UGP,3.11,3.015,3.05,3.1
2025-05-19,NYSE:UGP,3.165,3.09,3.1,3.16
2025-05-20,NYSE:UGP,3.145,3.0946,3.12,3.13
2025-05-21,NYSE:UGP,3.08,2.97,3.08,2.97
2025-05-22,NYSE:UGP,3.06,2.965,2.98,2.98
2025-05-23,NYSE:UGP,2.96,2.865,2.88,2.96
2025-05-27,NYSE:UGP,3.08,3.0101,3.06,3.03
2025-05-28,NYSE:UGP,2.98,2.93,2.95,2.94
2025-05-29,NYSE:UGP,3.0,2.93,2.96,2.97
2025-05-30,NYSE:UGP,2.94,2.84,2.94,2.85
2025-06-02,NYSE:UGP,2.91,2.8119,2.91,2.83
2025-06-03,NYSE:UGP,2.96,2.815,2.85,2.95
2025-06-04,NYSE:UGP,3.01,2.9,2.98,2.9
2025-06-05,NYSE:UGP,2.93,2.88,2.93,2.92
2025-06-06,NYSE:UGP,2.95,2.89,2.93,2.93
2025-06-09,NYSE:UGP,3.0,2.89,2.91,2.98
2025-06-10,NYSE:UGP,3.08,3.01,3.03,3.04
2025-06-11,NYSE:UGP,3.13,2.98,3.01,3.11
2025-06-12,NYSE:UGP,3.15,3.095,3.11,3.15
2025-06-13,NYSE:UGP,3.17,3.1,3.13,3.13
2025-06-16,NYSE:UGP,3.19,3.1395,3.14,3.18
2025-06-17,NYSE:UGP,3.2,3.15,3.18,3.17
2025-06-18,NYSE:UGP,3.225,3.17,3.21,3.18
2025-06-20,NYSE:UGP,3.195,3.11,3.18,3.12
2025-01-15,NYSE:NU,11.49,11.11,11.22,11.41
2025-01-16,NYSE:NU,11.51,11.14,11.51,11.28
2025-01-17,NYSE:NU,11.6,11.32,11.47,11.53
2025-01-21,NYSE:NU,11.83,11.46,11.795,11.48
2025-01-22,NYSE:NU,12.24,11.555,11.655,11.99
2025-01-23,NYSE:NU,12.2084,11.785,12.025,12.19
2025-01-24,NYSE:NU,12.56,12.27,12.39,12.34
2025-01-27,NYSE:NU,12.475,11.98,12.01,12.32
2025-01-28,NYSE:NU,12.66,12.155,12.38,12.64
2025-01-29,NYSE:NU,12.64,12.39,12.6,12.55
2025-01-30,NYSE:NU,13.55,12.66,12.72,13.44
2025-01-31,NYSE:NU,13.575,13.17,13.42,13.24
2025-02-03,NYSE:NU,13.18,12.76,12.92,13.14
2025-02-04,NYSE:NU,13.4693,13.03,13.15,13.3
2025-02-05,NYSE:NU,13.63,13.1,13.25,13.56
2025-02-06,NYSE:NU,13.82,13.54,13.64,13.78
2025-02-07,NYSE:NU,14.08,13.54,13.95,13.73
2025-02-10,NYSE:NU,14.0199,13.64,13.88,13.95
2025-02-11,NYSE:NU,13.98,13.76,13.86,13.94
2025-02-12,NYSE:NU,13.83,13.49,13.72,13.64
2025-02-13,NYSE:NU,13.79,13.445,13.69,13.79
2025-02-14,NYSE:NU,14.06,13.62,13.9,13.7
2025-02-18,NYSE:NU,13.75,13.42,13.55,13.54
2025-02-19,NYSE:NU,13.62,13.295,13.48,13.48
2025-02-20,NYSE:NU,13.665,13.295,13.46,13.34
2025-02-21,NYSE:NU,12.02,10.74,11.91,10.82
2025-02-24,NYSE:NU,11.59,11.0,11.215,11.02
2025-02-25,NYSE:NU,11.42,10.95,11.06,11.21
2025-02-26,NYSE:NU,11.71,11.31,11.35,11.48
2025-02-27,NYSE:NU,11.8,11.25,11.48,11.25
2025-02-28,NYSE:NU,11.135,10.68,11.08,10.75
2025-03-03,NYSE:NU,11.2,10.32,11.0,10.47
2025-03-04,NYSE:NU,10.63,9.895,10.21,10.46
2025-03-05,NYSE:NU,10.89,10.47,10.59,10.87
2025-03-06,NYSE:NU,10.87,10.56,10.59,10.65
2025-03-07,NYSE:NU,10.99,10.25,10.775,10.81
2025-03-10,NYSE:NU,10.69,9.99,10.69,10.12
2025-03-11,NYSE:NU,10.72,10.16,10.16,10.6
2025-03-12,NYSE:NU,11.03,10.59,10.97,10.89
2025-03-13,NYSE:NU,11.2,10.63,10.85,10.75
2025-03-14,NYSE:NU,11.88,10.98,10.99,11.73
2025-03-17,NYSE:NU,11.91,11.651,11.68,11.82
2025-03-18,NYSE:NU,11.88,11.38,11.84,11.5
2025-03-19,NYSE:NU,12.07,11.53,11.69,11.95
2025-03-20,NYSE:NU,11.8,11.34,11.75,11.4
2025-03-21,NYSE:NU,11.68,11.22,11.23,11.59
2025-03-24,NYSE:NU,11.82,11.5,11.635,11.69
2025-03-25,NYSE:NU,11.57,11.14,11.36,11.38
2025-03-26,NYSE:NU,11.36,10.83,11.36,10.92
2025-03-27,NYSE:NU,11.18,10.76,10.8,11.09
2025-03-28,NYSE:NU,10.72,10.28,10.65,10.35
2025-03-31,NYSE:NU,10.41,9.78,10.18,10.24
2025-04-01,NYSE:NU,10.57,10.23,10.3,10.43
2025-04-02,NYSE:NU,10.67,10.12,10.17,10.59
2025-04-03,NYSE:NU,10.4,10.045,10.15,10.27
2025-04-04,NYSE:NU,9.87,9.01,9.85,9.6
2025-04-07,NYSE:NU,10.17,9.06,9.14,9.72
2025-04-08,NYSE:NU,10.6201,9.75,10.26,9.97
2025-04-09,NYSE:NU,10.955,9.75,9.88,10.92
2025-04-10,NYSE:NU,10.7,9.95,10.57,10.25
2025-04-11,NYSE:NU,10.67,10.2625,10.41,10.55
2025-04-14,NYSE:NU,10.93,10.5,10.855,10.65
2025-04-15,NYSE:NU,11.09,10.7,10.75,10.84
2025-04-16,NYSE:NU,10.965,10.58,10.69,10.8
2025-04-17,NYSE:NU,11.08,10.825,10.9,11.0
2025-04-21,NYSE:NU,10.96,10.55,10.82,10.71
2025-04-22,NYSE:NU,11.285,10.93,11.01,11.19
2025-04-23,NYSE:NU,11.64,11.43,11.515,11.49
2025-04-24,NYSE:NU,11.76,11.46,11.54,11.75
2025-04-25,NYSE:NU,12.04,11.77,11.87,12.01
2025-04-28,NYSE:NU,12.2293,11.94,12.06,12.14
2025-04-29,NYSE:NU,12.46,12.15,12.2,12.41
2025-04-30,NYSE:NU,12.47,12.02,12.13,12.43
2025-05-01,NYSE:NU,12.505,12.26,12.5,12.34
2025-05-02,NYSE:NU,12.585,12.375,12.495,12.45
2025-05-05,NYSE:NU,12.59,12.365,12.4,12.47
2025-05-06,NYSE:NU,12.56,12.3002,12.38,12.44
2025-05-07,NYSE:NU,12.56,12.28,12.54,12.37
2025-05-08,NYSE:NU,13.04,12.54,12.54,12.8
2025-05-09,NYSE:NU,12.98,12.745,12.89,12.83
2025-05-12,NYSE:NU,13.22,12.89,13.14,12.95
2025-05-13,NYSE:NU,13.24,12.79,12.99,13.14
2025-05-14,NYSE:NU,13.73,12.44,12.72,13.49
2025-05-15,NYSE:NU,13.57,13.07,13.5,13.13
2025-05-16,NYSE:NU,13.18,12.75,12.8,13.05
2025-05-19,NYSE:NU,13.135,12.73,12.73,13.1
2025-05-20,NYSE:NU,13.01,12.62,13.0,12.77
2025-05-21,NYSE:NU,12.69,11.96,12.48,11.99
2025-05-22,NYSE:NU,12.45,11.85,11.9,12.25
2025-05-23,NYSE:NU,12.18,11.72,11.75,11.99
2025-05-27,NYSE:NU,12.16,11.91,12.04,11.94
2025-05-28,NYSE:NU,12.25,11.86,11.91,12.2
2025-05-29,NYSE:NU,12.26,11.85,12.25,11.99
2025-05-30,NYSE:NU,12.05,11.71,11.95,12.01
2025-06-02,NYSE:NU,12.07,11.71,12.06,12.0
2025-06-03,NYSE:NU,12.115,11.83,11.91,11.99
2025-06-04,NYSE:NU,12.14,11.85,12.02,11.94
2025-06-05,NYSE:NU,12.21,11.985,12.01,12.11
2025-06-06,NYSE:NU,12.25,11.95,12.22,12.15
2025-06-09,NYSE:NU,12.18,11.885,12.17,11.92
2025-06-10,NYSE:NU,12.25,11.83,11.96,11.97
2025-06-11,NYSE:NU,12.78,12.02,12.15,12.76
2025-06-12,NYSE:NU,12.59,11.99,12.54,12.0
2025-06-13,NYSE:NU,12.05,11.83,11.96,11.9
2025-06-16,NYSE:NU,12.51,12.01,12.13,12.39
2025-06-17,NYSE:NU,12.43,12.01,12.3,12.1
2025-06-18,NYSE:NU,12.34,11.85,12.08,12.24
2025-06-20,NYSE:NU,12.43,12.11,12.305,12.14
2025-01-15,NYSE:TIMB,12.1,11.725,11.82,12.07
2025-01-16,NYSE:TIMB,12.19,11.975,12.09,12.01
2025-01-17,NYSE:TIMB,12.29,12.15,12.17,12.16
2025-01-21,NYSE:TIMB,12.56,12.27,12.38,12.52
2025-01-22,NYSE:TIMB,13.03,12.74,12.74,12.95
2025-01-23,NYSE:TIMB,13.075,12.88,12.99,12.99
2025-01-24,NYSE:TIMB,13.01,12.7015,12.96,12.73
2025-01-27,NYSE:TIMB,13.405,12.915,13.11,13.39
2025-01-28,NYSE:TIMB,13.4,13.1,13.29,13.19
2025-01-29,NYSE:TIMB,13.245,13.06,13.15,13.23
2025-01-30,NYSE:TIMB,13.42,13.25,13.28,13.34
2025-01-31,NYSE:TIMB,13.59,13.23,13.59,13.24
2025-02-03,NYSE:TIMB,13.59,13.1,13.19,13.57
2025-02-04,NYSE:TIMB,13.75,13.52,13.58,13.75
2025-02-05,NYSE:TIMB,13.545,13.305,13.48,13.39
2025-02-06,NYSE:TIMB,13.545,13.2,13.5,13.39
2025-02-07,NYSE:TIMB,13.555,13.365,13.45,13.43
2025-02-10,NYSE:TIMB,13.72,13.52,13.72,13.54
2025-02-11,NYSE:TIMB,14.77,14.27,14.33,14.72
2025-02-12,NYSE:TIMB,15.045,14.56,14.56,14.98
2025-02-13,NYSE:TIMB,15.115,14.925,15.05,15.11
2025-02-14,NYSE:TIMB,15.345,15.0,15.14,15.21
2025-02-18,NYSE:TIMB,15.46,15.16,15.36,15.18
2025-02-19,NYSE:TIMB,15.165,14.905,15.05,15.01
2025-02-20,NYSE:TIMB,15.085,14.89,15.0,15.0
2025-02-21,NYSE:TIMB,15.01,14.83,14.93,14.92
2025-02-24,NYSE:TIMB,15.04,14.71,15.03,14.76
2025-02-25,NYSE:TIMB,14.935,14.75,14.84,14.89
2025-02-26,NYSE:TIMB,14.235,13.94,14.0,14.09
2025-02-27,NYSE:TIMB,14.33,14.01,14.02,14.18
2025-02-28,NYSE:TIMB,14.06,13.65,13.98,13.82
2025-03-03,NYSE:TIMB,14.2192,13.945,13.99,14.0
2025-03-04,NYSE:TIMB,14.005,13.78,13.85,13.97
2025-03-05,NYSE:TIMB,14.17,13.985,14.12,14.11
2025-03-06,NYSE:TIMB,14.215,14.0,14.15,14.18
2025-03-07,NYSE:TIMB,14.57,14.24,14.28,14.54
2025-03-10,NYSE:TIMB,14.77,14.34,14.34,14.58
2025-03-11,NYSE:TIMB,14.48,14.09,14.39,14.24
2025-03-12,NYSE:TIMB,14.525,14.21,14.21,14.48
2025-03-13,NYSE:TIMB,14.64,14.18,14.24,14.59
2025-03-14,NYSE:TIMB,15.065,14.84,14.93,14.99
2025-03-17,NYSE:TIMB,15.27,14.93,15.04,15.15
2025-03-18,NYSE:TIMB,15.17,14.99,15.15,15.07
2025-03-19,NYSE:TIMB,15.24,14.945,15.14,15.13
2025-03-20,NYSE:TIMB,15.21,14.905,15.17,14.97
2025-03-21,NYSE:TIMB,15.13,14.89,14.89,15.1
2025-03-24,NYSE:TIMB,15.095,14.945,15.0,15.01
2025-03-25,NYSE:TIMB,15.325,15.04,15.08,15.13
2025-03-26,NYSE:TIMB,15.46,15.1,15.1,15.4
2025-03-27,NYSE:TIMB,15.6,15.28,15.3,15.59
2025-03-28,NYSE:TIMB,15.59,15.345,15.54,15.43
2025-03-31,NYSE:TIMB,15.72,15.43,15.44,15.65
2025-04-01,NYSE:TIMB,15.955,15.63,15.63,15.9
2025-04-02,NYSE:TIMB,16.06,15.87,16.06,15.96
2025-04-03,NYSE:TIMB,16.72,16.3,16.3,16.51
2025-04-04,NYSE:TIMB,15.84,15.135,15.78,15.21
2025-04-07,NYSE:TIMB,15.12,14.455,14.46,14.59
2025-04-08,NYSE:TIMB,14.99,14.45,14.81,14.53
2025-04-09,NYSE:TIMB,15.29,14.33,14.43,15.28
2025-04-10,NYSE:TIMB,14.615,14.1805,14.39,14.45
2025-04-11,NYSE:TIMB,14.85,14.46,14.61,14.82
2025-04-14,NYSE:TIMB,15.015,14.8,14.84,14.94
2025-04-15,NYSE:TIMB,15.005,14.81,14.91,14.96
2025-04-16,NYSE:TIMB,15.1,14.67,14.73,14.9
2025-04-17,NYSE:TIMB,15.3993,14.97,15.01,15.37
2025-04-21,NYSE:TIMB,15.45,15.215,15.42,15.31
2025-04-22,NYSE:TIMB,15.72,15.52,15.52,15.61
2025-04-23,NYSE:TIMB,16.03,15.78,15.86,15.92
2025-04-24,NYSE:TIMB,16.405,16.08,16.14,16.33
2025-04-25,NYSE:TIMB,16.46,16.06,16.25,16.24
2025-04-28,NYSE:TIMB,16.48,16.32,16.32,16.47
2025-04-29,NYSE:TIMB,16.795,16.46,16.49,16.61
2025-04-30,NYSE:TIMB,16.8,16.47,16.75,16.68
2025-05-01,NYSE:TIMB,16.72,16.36,16.72,16.53
2025-05-02,NYSE:TIMB,16.72,16.525,16.59,16.58
2025-05-05,NYSE:TIMB,16.63,16.21,16.6,16.25
2025-05-06,NYSE:TIMB,17.39,16.645,16.645,17.38
2025-05-07,NYSE:TIMB,17.62,17.37,17.62,17.41
2025-05-08,NYSE:TIMB,17.68,17.1273,17.61,17.17
2025-05-09,NYSE:TIMB,17.33,17.16,17.24,17.16
2025-05-12,NYSE:TIMB,16.96,16.72,16.94,16.8
2025-05-13,NYSE:TIMB,17.4,16.93,17.05,17.39
2025-05-14,NYSE:TIMB,17.83,17.63,17.78,17.76
2025-05-15,NYSE:TIMB,17.68,17.22,17.68,17.31
2025-05-16,NYSE:TIMB,17.48,17.26,17.26,17.4
2025-05-19,NYSE:TIMB,17.46,16.97,17.0,17.31
2025-05-20,NYSE:TIMB,17.45,17.142,17.19,17.42
2025-05-21,NYSE:TIMB,17.68,17.355,17.6,17.51
2025-05-22,NYSE:TIMB,17.33,16.98,17.12,17.06
2025-05-23,NYSE:TIMB,17.02,16.64,16.69,16.97
2025-05-27,NYSE:TIMB,17.47,17.22,17.22,17.31
2025-05-28,NYSE:TIMB,17.33,17.085,17.15,17.32
2025-05-29,NYSE:TIMB,17.39,17.1,17.38,17.15
2025-05-30,NYSE:TIMB,17.11,16.82,16.97,17.01
2025-06-02,NYSE:TIMB,17.39,17.07,17.29,17.23
2025-06-03,NYSE:TIMB,17.56,17.1762,17.37,17.53
2025-06-04,NYSE:TIMB,18.29,17.86,17.87,18.1
2025-06-05,NYSE:TIMB,18.17,17.77,17.99,17.88
2025-06-06,NYSE:TIMB,18.03,17.63,17.95,17.94
2025-06-09,NYSE:TIMB,17.97,17.68,17.87,17.8
2025-06-10,NYSE:TIMB,18.16,17.98,18.04,18.08
2025-06-11,NYSE:TIMB,18.99,18.41,18.41,18.83
2025-06-12,NYSE:TIMB,18.925,18.698,18.76,18.91
2025-06-13,NYSE:TIMB,18.69,18.36,18.5,18.59
2025-06-16,NYSE:TIMB,19.195,18.77,18.78,19.09
2025-06-17,NYSE:TIMB,19.145,18.86,19.11,19.11
2025-06-18,NYSE:TIMB,19.39,19.11,19.22,19.24
2025-06-20,NYSE:TIMB,19.53,19.28,19.41,19.38
2025-01-15,NYSE:BBD,2.01,1.95,1.96,2.01
2025-01-16,NYSE:BBD,2.01,1.95,1.98,1.98
2025-01-17,NYSE:BBD,1.99,1.93,1.95,1.96
2025-01-21,NYSE:BBD,1.99,1.95,1.96,1.96
2025-01-22,NYSE:BBD,1.99,1.94,1.96,1.96
2025-01-23,NYSE:BBD,1.98,1.93,1.96,1.94
2025-01-24,NYSE:BBD,1.95,1.92,1.95,1.93
2025-01-27,NYSE:BBD,2.0,1.955,1.97,2.0
2025-01-28,NYSE:BBD,2.04,1.9725,1.99,2.02
2025-01-29,NYSE:BBD,2.03,1.99,2.02,2.0
2025-01-30,NYSE:BBD,2.14,2.025,2.025,2.11
2025-01-31,NYSE:BBD,2.18,2.09,2.14,2.11
2025-02-03,NYSE:BBD,2.14,2.07,2.08,2.12
2025-02-04,NYSE:BBD,2.16,2.1,2.11,2.13
2025-02-05,NYSE:BBD,2.18,2.09,2.11,2.18
2025-02-06,NYSE:BBD,2.23,2.17,2.19,2.23
2025-02-07,NYSE:BBD,2.19,2.08,2.12,2.12
2025-02-10,NYSE:BBD,2.14,2.1,2.13,2.11
2025-02-11,NYSE:BBD,2.19,2.12,2.14,2.17
2025-02-12,NYSE:BBD,2.09,2.01,2.07,2.08
2025-02-13,NYSE:BBD,2.1299,2.06,2.08,2.09
2025-02-14,NYSE:BBD,2.18,2.13,2.14,2.17
2025-02-18,NYSE:BBD,2.21,2.16,2.18,2.17
2025-02-19,NYSE:BBD,2.17,2.11,2.14,2.13
2025-02-20,NYSE:BBD,2.16,2.12,2.12,2.13
2025-02-21,NYSE:BBD,2.11,2.07,2.1,2.09
2025-02-24,NYSE:BBD,2.11,2.03,2.09,2.04
2025-02-25,NYSE:BBD,2.09,2.05,2.05,2.07
2025-02-26,NYSE:BBD,2.06,2.0,2.04,2.01
2025-02-27,NYSE:BBD,2.02,1.99,2.01,1.99
2025-02-28,NYSE:BBD,1.99,1.93,1.97,1.95
2025-03-03,NYSE:BBD,2.04,1.96,1.96,1.98
2025-03-04,NYSE:BBD,1.99,1.93,1.97,1.97
2025-03-05,NYSE:BBD,2.05,1.98,2.01,2.04
2025-03-06,NYSE:BBD,2.07,2.01,2.02,2.06
2025-03-07,NYSE:BBD,2.08,2.03,2.03,2.07
2025-03-10,NYSE:BBD,2.04,1.97,2.03,2.0
2025-03-11,NYSE:BBD,2.01,1.95,1.98,2.0
2025-03-12,NYSE:BBD,2.02,1.97,2.0,2.0
2025-03-13,NYSE:BBD,2.05,1.98,1.99,2.04
2025-03-14,NYSE:BBD,2.16,2.07,2.07,2.15
2025-03-17,NYSE:BBD,2.22,2.16,2.18,2.21
2025-03-18,NYSE:BBD,2.22,2.1714,2.21,2.21
2025-03-19,NYSE:BBD,2.25,2.19,2.2,2.24
2025-03-20,NYSE:BBD,2.23,2.19,2.21,2.21
2025-03-21,NYSE:BBD,2.24,2.19,2.19,2.23
2025-03-24,NYSE:BBD,2.25,2.21,2.22,2.22
2025-03-25,NYSE:BBD,2.3599,2.28,2.28,2.3
2025-03-26,NYSE:BBD,2.33,2.28,2.31,2.32
2025-03-27,NYSE:BBD,2.31,2.28,2.31,2.29
2025-03-28,NYSE:BBD,2.3,2.24,2.26,2.27
2025-03-31,NYSE:BBD,2.26,2.21,2.22,2.23
2025-04-01,NYSE:BBD,2.28,2.22,2.22,2.25
2025-04-02,NYSE:BBD,2.23,2.19,2.22,2.22
2025-04-03,NYSE:BBD,2.32,2.27,2.28,2.29
2025-04-04,NYSE:BBD,2.2051,2.14,2.19,2.19
2025-04-07,NYSE:BBD,2.19,2.08,2.1,2.11
2025-04-08,NYSE:BBD,2.16,2.0,2.15,2.02
2025-04-09,NYSE:BBD,2.165,1.98,1.98,2.16
2025-04-10,NYSE:BBD,2.13,2.05,2.12,2.11
2025-04-11,NYSE:BBD,2.21,2.125,2.14,2.19
2025-04-14,NYSE:BBD,2.22,2.16,2.2,2.2
2025-04-15,NYSE:BBD,2.21,2.1701,2.19,2.19
2025-04-16,NYSE:BBD,2.22,2.18,2.2,2.2
2025-04-17,NYSE:BBD,2.25,2.18,2.18,2.22
2025-04-21,NYSE:BBD,2.24,2.19,2.23,2.23
2025-04-22,NYSE:BBD,2.27,2.225,2.23,2.26
2025-04-23,NYSE:BBD,2.36,2.3,2.3,2.33
2025-04-24,NYSE:BBD,2.4,2.34,2.35,2.38
2025-04-25,NYSE:BBD,2.4,2.37,2.38,2.38
2025-04-28,NYSE:BBD,2.43,2.37,2.39,2.39
2025-04-29,NYSE:BBD,2.46,2.39,2.39,2.43
2025-04-30,NYSE:BBD,2.46,2.39,2.4,2.46
2025-05-01,NYSE:BBD,2.46,2.4,2.46,2.42
2025-05-02,NYSE:BBD,2.4751,2.4,2.46,2.4
2025-05-05,NYSE:BBD,2.435,2.34,2.42,2.35
2025-05-06,NYSE:BBD,2.36,2.31,2.33,2.35
2025-05-07,NYSE:BBD,2.36,2.26,2.32,2.27
2025-05-08,NYSE:BBD,2.73,2.6,2.61,2.7
2025-05-09,NYSE:BBD,2.75,2.655,2.67,2.72
2025-05-12,NYSE:BBD,2.67,2.63,2.66,2.64
2025-05-13,NYSE:BBD,2.75,2.68,2.68,2.75
2025-05-14,NYSE:BBD,2.78,2.72,2.75,2.75
2025-05-15,NYSE:BBD,2.79,2.72,2.76,2.73
2025-05-16,NYSE:BBD,2.75,2.69,2.7,2.74
2025-05-19,NYSE:BBD,2.8,2.75,2.75,2.79
2025-05-20,NYSE:BBD,2.8,2.75,2.78,2.78
2025-05-21,NYSE:BBD,2.7874,2.72,2.78,2.74
2025-05-22,NYSE:BBD,2.83,2.74,2.74,2.76
2025-05-23,NYSE:BBD,2.81,2.66,2.67,2.8
2025-05-27,NYSE:BBD,2.91,2.84,2.85,2.87
2025-05-28,NYSE:BBD,2.9,2.845,2.86,2.86
2025-05-29,NYSE:BBD,2.92,2.8614,2.88,2.88
2025-05-30,NYSE:BBD,2.89,2.8001,2.83,2.88
2025-06-02,NYSE:BBD,2.93,2.87,2.93,2.9
2025-06-03,NYSE:BBD,2.97,2.87,2.93,2.96
2025-06-04,NYSE:BBD,3.0199,2.93,2.99,2.93
2025-06-05,NYSE:BBD,2.96,2.88,2.94,2.89
2025-06-06,NYSE:BBD,2.91,2.87,2.9,2.89
2025-06-09,NYSE:BBD,2.89,2.82,2.84,2.87
2025-06-10,NYSE:BBD,2.92,2.85,2.88,2.86
2025-06-11,NYSE:BBD,2.98,2.855,2.87,2.97
2025-06-12,NYSE:BBD,3.02,2.945,2.95,3.0
2025-06-13,NYSE:BBD,3.0,2.93,2.93,2.98
2025-06-16,NYSE:BBD,3.08,3.01,3.01,3.07
2025-06-17,NYSE:BBD,3.12,3.06,3.06,3.09
2025-06-18,NYSE:BBD,3.12,3.07,3.1,3.09
2025-06-20,NYSE:BBD,3.08,3.02,3.07,3.03
2025-01-15,NYSE:ITUB,5.37,5.22,5.25,5.36
2025-01-16,NYSE:ITUB,5.37,5.25,5.35,5.31
2025-01-17,NYSE:ITUB,5.4,5.31,5.33,5.32
2025-01-21,NYSE:ITUB,5.44,5.38,5.4,5.41
2025-01-22,NYSE:ITUB,5.52,5.46,5.48,5.47
2025-01-23,NYSE:ITUB,5.53,5.43,5.48,5.46
2025-01-24,NYSE:ITUB,5.52,5.44,5.48,5.47
2025-01-27,NYSE:ITUB,5.65,5.47,5.5,5.62
2025-01-28,NYSE:ITUB,5.71,5.59,5.59,5.69
2025-01-29,NYSE:ITUB,5.71,5.64,5.69,5.66
2025-01-30,NYSE:ITUB,5.83,5.68,5.7,5.8
2025-01-31,NYSE:ITUB,5.865,5.78,5.85,5.8
2025-02-03,NYSE:ITUB,5.8,5.65,5.67,5.76
2025-02-04,NYSE:ITUB,5.88,5.7307,5.78,5.85
2025-02-05,NYSE:ITUB,5.96,5.805,5.81,5.93
2025-02-06,NYSE:ITUB,5.96,5.8401,5.87,5.96
2025-02-07,NYSE:ITUB,5.98,5.805,5.92,5.85
2025-02-10,NYSE:ITUB,5.96,5.89,5.9,5.93
2025-02-11,NYSE:ITUB,6.05,5.96,6.02,6.04
2025-02-12,NYSE:ITUB,5.96,5.8001,5.95,5.86
2025-02-13,NYSE:ITUB,5.88,5.78,5.78,5.88
2025-02-14,NYSE:ITUB,6.115,5.97,5.97,6.09
2025-02-18,NYSE:ITUB,6.11,6.03,6.03,6.04
2025-02-19,NYSE:ITUB,5.8,5.74,5.75,5.76
2025-02-20,NYSE:ITUB,5.78,5.73,5.76,5.76
2025-02-21,NYSE:ITUB,5.75,5.69,5.73,5.73
2025-02-24,NYSE:ITUB,5.76,5.62,5.73,5.65
2025-02-25,NYSE:ITUB,5.77,5.69,5.71,5.71
2025-02-26,NYSE:ITUB,5.71,5.63,5.68,5.64
2025-02-27,NYSE:ITUB,5.69,5.63,5.67,5.64
2025-02-28,NYSE:ITUB,5.6,5.44,5.56,5.49
2025-03-03,NYSE:ITUB,5.66,5.49,5.55,5.51
2025-03-04,NYSE:ITUB,5.5299,5.36,5.47,5.47
2025-03-05,NYSE:ITUB,5.66,5.54,5.55,5.64
2025-03-06,NYSE:ITUB,5.71,5.61,5.64,5.67
2025-03-07,NYSE:ITUB,5.71,5.63,5.65,5.68
2025-03-10,NYSE:ITUB,5.67,5.58,5.58,5.63
2025-03-11,NYSE:ITUB,5.65,5.56,5.61,5.65
2025-03-12,NYSE:ITUB,5.66,5.57,5.61,5.65
2025-03-13,NYSE:ITUB,5.76,5.63,5.63,5.72
2025-03-14,NYSE:ITUB,6.04,5.835,5.86,5.99
2025-03-17,NYSE:ITUB,6.28,6.045,6.05,6.26
2025-03-18,NYSE:ITUB,6.35,6.22,6.26,6.28
2025-03-19,NYSE:ITUB,5.8,5.69,5.74,5.73
2025-03-20,NYSE:ITUB,5.75,5.61,5.75,5.66
2025-03-21,NYSE:ITUB,5.67,5.59,5.615,5.66
2025-03-24,NYSE:ITUB,5.65,5.56,5.58,5.59
2025-03-25,NYSE:ITUB,5.8,5.67,5.67,5.68
2025-03-26,NYSE:ITUB,5.69,5.59,5.67,5.62
2025-03-27,NYSE:ITUB,5.62,5.555,5.58,5.6
2025-03-28,NYSE:ITUB,5.6,5.46,5.55,5.52
2025-03-31,NYSE:ITUB,5.53,5.43,5.43,5.5
2025-04-01,NYSE:ITUB,5.57,5.48,5.49,5.52
2025-04-02,NYSE:ITUB,5.565,5.47,5.55,5.53
2025-04-03,NYSE:ITUB,5.77,5.63,5.63,5.69
2025-04-04,NYSE:ITUB,5.5,5.31,5.48,5.33
2025-04-07,NYSE:ITUB,5.43,5.175,5.22,5.3
2025-04-08,NYSE:ITUB,5.42,5.175,5.38,5.24
2025-04-09,NYSE:ITUB,5.52,5.12,5.12,5.51
2025-04-10,NYSE:ITUB,5.47,5.24,5.39,5.37
2025-04-11,NYSE:ITUB,5.51,5.345,5.36,5.47
2025-04-14,NYSE:ITUB,5.58,5.47,5.54,5.56
2025-04-15,NYSE:ITUB,5.61,5.53,5.57,5.59
2025-04-16,NYSE:ITUB,5.6399,5.54,5.57,5.59
2025-04-17,NYSE:ITUB,5.68,5.53,5.53,5.66
2025-04-21,NYSE:ITUB,5.71,5.62,5.68,5.69
2025-04-22,NYSE:ITUB,5.89,5.7,5.7,5.85
2025-04-23,NYSE:ITUB,6.02,5.935,5.94,5.98
2025-04-24,NYSE:ITUB,6.15,6.0145,6.09,6.14
2025-04-25,NYSE:ITUB,6.16,6.085,6.12,6.14
2025-04-28,NYSE:ITUB,6.23,6.13,6.15,6.21
2025-04-29,NYSE:ITUB,6.32,6.2,6.22,6.31
2025-04-30,NYSE:ITUB,6.32,6.22,6.26,6.31
2025-05-01,NYSE:ITUB,6.305,6.215,6.295,6.29
2025-05-02,NYSE:ITUB,6.37,6.155,6.35,6.2
2025-05-05,NYSE:ITUB,6.27,6.13,6.27,6.15
2025-05-06,NYSE:ITUB,6.13,6.05,6.07,6.11
2025-05-07,NYSE:ITUB,6.145,6.07,6.1,6.1
2025-05-08,NYSE:ITUB,6.35,6.22,6.25,6.22
2025-05-09,NYSE:ITUB,6.62,6.4,6.4,6.61
2025-05-12,NYSE:ITUB,6.55,6.39,6.52,6.45
2025-05-13,NYSE:ITUB,6.64,6.49,6.53,6.62
2025-05-14,NYSE:ITUB,6.66,6.595,6.63,6.64
2025-05-15,NYSE:ITUB,6.7,6.57,6.67,6.64
2025-05-16,NYSE:ITUB,6.73,6.57,6.61,6.72
2025-05-19,NYSE:ITUB,6.85,6.72,6.73,6.81
2025-05-20,NYSE:ITUB,6.7999,6.67,6.78,6.76
2025-05-21,NYSE:ITUB,6.74,6.59,6.73,6.65
2025-05-22,NYSE:ITUB,6.74,6.585,6.63,6.61
2025-05-23,NYSE:ITUB,6.68,6.39,6.42,6.65
2025-05-27,NYSE:ITUB,6.84,6.7,6.74,6.73
2025-05-28,NYSE:ITUB,6.72,6.62,6.67,6.64
2025-05-29,NYSE:ITUB,6.69,6.6023,6.68,6.63
2025-05-30,NYSE:ITUB,6.62,6.5,6.58,6.59
2025-06-02,NYSE:ITUB,6.62,6.51,6.61,6.54
2025-06-03,NYSE:ITUB,6.6,6.5,6.54,6.59
2025-06-04,NYSE:ITUB,6.64,6.52,6.62,6.53
2025-06-05,NYSE:ITUB,6.61,6.52,6.59,6.52
2025-06-06,NYSE:ITUB,6.59,6.505,6.55,6.56
2025-06-09,NYSE:ITUB,6.59,6.43,6.52,6.56
2025-06-10,NYSE:ITUB,6.645,6.52,6.58,6.54
2025-06-11,NYSE:ITUB,6.63,6.44,6.48,6.58
2025-06-12,NYSE:ITUB,6.66,6.575,6.58,6.61
2025-06-13,NYSE:ITUB,6.57,6.46,6.48,6.56
2025-06-16,NYSE:ITUB,6.77,6.665,6.67,6.74
2025-06-17,NYSE:ITUB,6.78,6.72,6.72,6.74
2025-06-18,NYSE:ITUB,6.77,6.68,6.75,6.68
2025-06-20,NYSE:ITUB,6.71,6.61,6.69,6.63
2025-01-15,NYSE:REZI,23.34,22.69,23.0,22.93
2025-01-16,NYSE:REZI,23.15,22.73,22.79,23.02
2025-01-17,NYSE:REZI,23.44,22.82,23.34,22.96
2025-01-21,NYSE:REZI,23.205,22.84,23.17,23.09
2025-01-22,NYSE:REZI,23.35,23.04,23.07,23.19
2025-01-23,NYSE:REZI,23.78,22.99,23.03,23.77
2025-01-24,NYSE:REZI,23.67,23.13,23.57,23.16
2025-01-27,NYSE:REZI,23.32,22.69,22.93,22.82
2025-01-28,NYSE:REZI,22.9376,22.49,22.76,22.84
2025-01-29,NYSE:REZI,22.89,22.495,22.69,22.67
2025-01-30,NYSE:REZI,23.36,22.79,22.98,22.99
2025-01-31,NYSE:REZI,23.01,22.34,22.89,22.52
2025-02-03,NYSE:REZI,22.2194,21.465,21.92,21.86
2025-02-04,NYSE:REZI,22.05,21.7,21.88,21.86
2025-02-05,NYSE:REZI,22.045,21.725,22.03,21.85
2025-02-06,NYSE:REZI,22.09,21.78,21.86,22.01
2025-02-07,NYSE:REZI,22.11,21.52,21.9,21.57
2025-02-10,NYSE:REZI,21.79,21.495,21.65,21.69
2025-02-11,NYSE:REZI,22.31,21.48,21.48,22.1
2025-02-12,NYSE:REZI,21.62,21.12,21.58,21.34
2025-02-13,NYSE:REZI,22.04,21.38,21.44,21.95
2025-02-14,NYSE:REZI,22.1246,21.82,22.0,21.89
2025-02-18,NYSE:REZI,21.98,21.65,21.85,21.9
2025-02-19,NYSE:REZI,21.91,21.4,21.59,21.86
2025-02-20,NYSE:REZI,21.99,21.305,21.79,21.43
2025-02-21,NYSE:REZI,21.7421,19.34,21.59,19.45
2025-02-24,NYSE:REZI,19.72,19.22,19.57,19.5
2025-02-25,NYSE:REZI,19.58,18.92,19.48,19.08
2025-02-26,NYSE:REZI,19.66,19.04,19.15,19.11
2025-02-27,NYSE:REZI,19.117,18.63,19.0,18.71
2025-02-28,NYSE:REZI,19.22,18.63,18.63,19.21
2025-03-03,NYSE:REZI,20.2,18.555,19.78,18.59
2025-03-04,NYSE:REZI,18.27,17.56,18.16,17.6
2025-03-05,NYSE:REZI,18.515,17.61,17.81,18.44
2025-03-06,NYSE:REZI,18.66,18.105,18.25,18.45
2025-03-07,NYSE:REZI,18.58,18.03,18.32,18.43
2025-03-10,NYSE:REZI,18.2,17.27,17.97,17.59
2025-03-11,NYSE:REZI,18.12,17.575,17.64,17.76
2025-03-12,NYSE:REZI,17.96,17.25,17.9,17.31
2025-03-13,NYSE:REZI,17.54,16.88,17.26,16.92
2025-03-14,NYSE:REZI,17.6,17.04,17.11,17.44
2025-03-17,NYSE:REZI,17.84,17.42,17.42,17.69
2025-03-18,NYSE:REZI,17.72,17.28,17.49,17.43
2025-03-19,NYSE:REZI,18.15,17.45,17.48,18.09
2025-03-20,NYSE:REZI,18.323409,17.69,17.72,18.1
2025-03-21,NYSE:REZI,17.9,17.6,17.77,17.88
2025-03-24,NYSE:REZI,18.53,18.1605,18.34,18.46
2025-03-25,NYSE:REZI,18.895,18.362,18.42,18.47
2025-03-26,NYSE:REZI,18.71,18.275,18.47,18.41
2025-03-27,NYSE:REZI,18.59,18.175,18.48,18.51
2025-03-28,NYSE:REZI,18.545,17.59,18.51,17.82
2025-03-31,NYSE:REZI,17.825,17.3,17.46,17.7
2025-04-01,NYSE:REZI,17.96,17.46,17.65,17.88
2025-04-02,NYSE:REZI,18.66,17.56,17.56,18.62
2025-04-03,NYSE:REZI,17.62,16.39,17.61,16.43
2025-04-04,NYSE:REZI,15.78,14.77,15.59,15.62
2025-04-07,NYSE:REZI,16.47,14.71,15.02,15.67
2025-04-08,NYSE:REZI,16.14,14.415,16.06,14.69
2025-04-09,NYSE:REZI,16.32,14.18,14.41,16.2
2025-04-10,NYSE:REZI,15.86,15.01,15.55,15.58
2025-04-11,NYSE:REZI,15.6,15.02,15.45,15.51
2025-04-14,NYSE:REZI,15.9,15.26,15.9,15.46
2025-04-15,NYSE:REZI,15.775,15.31,15.44,15.52
2025-04-16,NYSE:REZI,15.485,14.97,15.32,15.24
2025-04-17,NYSE:REZI,15.88,15.265,15.29,15.77
2025-04-21,NYSE:REZI,15.72,15.11,15.47,15.67
2025-04-22,NYSE:REZI,15.635,14.8213,15.26,15.16
2025-04-23,NYSE:REZI,16.21,15.36,15.77,15.42
2025-04-24,NYSE:REZI,16.13,15.2897,15.42,16.1
2025-04-25,NYSE:REZI,16.29,15.74,15.91,16.26
2025-04-28,NYSE:REZI,16.43,15.975,16.2,16.29
2025-04-29,NYSE:REZI,16.695,16.07,16.16,16.68
2025-04-30,NYSE:REZI,16.79,16.09,16.42,16.78
2025-05-01,NYSE:REZI,17.129,16.73,16.92,16.92
2025-05-02,NYSE:REZI,17.57,17.075,17.11,17.55
2025-05-05,NYSE:REZI,17.815,17.31,17.4,17.61
2025-05-06,NYSE:REZI,17.69,17.22,17.31,17.47
2025-05-07,NYSE:REZI,20.28,18.875,20.06,19.03
2025-05-08,NYSE:REZI,20.25,19.335,19.41,20.05
2025-05-09,NYSE:REZI,20.4,19.755,20.0,19.8
2025-05-12,NYSE:REZI,21.55,20.845,20.97,21.13
2025-05-13,NYSE:REZI,21.7,21.29,21.29,21.51
2025-05-14,NYSE:REZI,21.475,21.13,21.24,21.28
2025-05-15,NYSE:REZI,21.23,20.935,21.16,21.01
2025-05-16,NYSE:REZI,21.185,20.88,21.02,21.14
2025-05-19,NYSE:REZI,21.06,20.68,20.68,20.98
2025-05-20,NYSE:REZI,21.24,20.73,20.93,20.81
2025-05-21,NYSE:REZI,20.55,19.99,20.42,20.04
2025-05-22,NYSE:REZI,20.34,19.92,19.92,20.18
2025-05-23,NYSE:REZI,20.045,19.65,19.65,19.89
2025-05-27,NYSE:REZI,20.68,20.06,20.32,20.67
2025-05-28,NYSE:REZI,21.36,20.62,21.13,20.8
2025-05-29,NYSE:REZI,20.9,20.55,20.7,20.77
2025-05-30,NYSE:REZI,20.92,20.53,20.67,20.7
2025-06-02,NYSE:REZI,20.76,20.21,20.6,20.59
2025-06-03,NYSE:REZI,21.01,20.475,20.61,20.92
2025-06-04,NYSE:REZI,21.03,20.81,20.87,20.83
2025-06-05,NYSE:REZI,21.09,20.76,20.81,20.91
2025-06-06,NYSE:REZI,21.4,20.9818,21.34,21.16
2025-06-09,NYSE:REZI,21.67,21.24,21.31,21.47
2025-06-10,NYSE:REZI,21.895,21.53,21.59,21.66
2025-06-11,NYSE:REZI,21.8,21.135,21.69,21.17
2025-06-12,NYSE:REZI,21.18,20.71,20.96,21.08
2025-06-13,NYSE:REZI,20.88,20.41,20.65,20.54
2025-06-16,NYSE:REZI,21.13,20.6471,20.82,21.1
2025-06-17,NYSE:REZI,21.46,20.81,20.88,20.88
2025-06-18,NYSE:REZI,21.36,20.75,20.87,20.96
2025-06-20,NYSE:REZI,21.26,20.82,21.12,20.98
2025-01-15,NYSE:BSBR,4.22,4.1,4.11,4.21
2025-01-16,NYSE:BSBR,4.215,4.15,4.21,4.21
2025-01-17,NYSE:BSBR,4.21,4.14,4.17,4.2
2025-01-21,NYSE:BSBR,4.2,4.15,4.2,4.18
2025-01-22,NYSE:BSBR,4.31,4.195,4.2,4.27
2025-01-23,NYSE:BSBR,4.31,4.22,4.26,4.28
2025-01-24,NYSE:BSBR,4.28,4.22,4.25,4.25
2025-01-27,NYSE:BSBR,4.31,4.23,4.26,4.3
2025-01-28,NYSE:BSBR,4.365,4.285,4.3,4.35
2025-01-29,NYSE:BSBR,4.365,4.3012,4.33,4.33
2025-01-30,NYSE:BSBR,4.505,4.34,4.35,4.48
2025-01-31,NYSE:BSBR,4.52,4.46,4.51,4.51
2025-02-03,NYSE:BSBR,4.52,4.41,4.43,4.5
2025-02-04,NYSE:BSBR,4.565,4.455,4.49,4.53
2025-02-05,NYSE:BSBR,4.77,4.61,4.61,4.75
2025-02-06,NYSE:BSBR,4.85,4.645,4.71,4.81
2025-02-07,NYSE:BSBR,4.78,4.59,4.68,4.62
2025-02-10,NYSE:BSBR,4.655,4.575,4.65,4.59
2025-02-11,NYSE:BSBR,4.71,4.61,4.63,4.61
2025-02-12,NYSE:BSBR,4.69,4.575,4.68,4.58
2025-02-13,NYSE:BSBR,4.57,4.49,4.57,4.49
2025-02-14,NYSE:BSBR,4.765,4.61,4.61,4.72
2025-02-18,NYSE:BSBR,4.82,4.74,4.75,4.82
2025-02-19,NYSE:BSBR,4.76,4.68,4.73,4.71
2025-02-20,NYSE:BSBR,4.78,4.71,4.71,4.71
2025-02-21,NYSE:BSBR,4.69,4.6,4.66,4.62
2025-02-24,NYSE:BSBR,4.7,4.61,4.67,4.61
2025-02-25,NYSE:BSBR,4.6984,4.65,4.66,4.65
2025-02-26,NYSE:BSBR,4.71,4.63,4.66,4.64
2025-02-27,NYSE:BSBR,4.635,4.555,4.63,4.56
2025-02-28,NYSE:BSBR,4.51,4.35,4.5,4.36
2025-03-03,NYSE:BSBR,4.54,4.32,4.4,4.33
2025-03-04,NYSE:BSBR,4.45,4.27,4.31,4.39
2025-03-05,NYSE:BSBR,4.52,4.4,4.44,4.5
2025-03-06,NYSE:BSBR,4.535,4.445,4.48,4.48
2025-03-07,NYSE:BSBR,4.56,4.485,4.5,4.52
2025-03-10,NYSE:BSBR,4.49,4.37,4.45,4.4
2025-03-11,NYSE:BSBR,4.385,4.315,4.36,4.35
2025-03-12,NYSE:BSBR,4.385,4.315,4.35,4.32
2025-03-13,NYSE:BSBR,4.445,4.31,4.31,4.41
2025-03-14,NYSE:BSBR,4.625,4.475,4.48,4.61
2025-03-17,NYSE:BSBR,4.78,4.645,4.65,4.78
2025-03-18,NYSE:BSBR,4.8,4.73,4.8,4.74
2025-03-19,NYSE:BSBR,4.87,4.745,4.77,4.84
2025-03-20,NYSE:BSBR,4.815,4.735,4.79,4.76
2025-03-21,NYSE:BSBR,4.75,4.69,4.72,4.73
2025-03-24,NYSE:BSBR,4.73,4.655,4.72,4.67
2025-03-25,NYSE:BSBR,4.83,4.75,4.75,4.81
2025-03-26,NYSE:BSBR,4.84,4.77,4.82,4.8
2025-03-27,NYSE:BSBR,4.815,4.74,4.79,4.81
2025-03-28,NYSE:BSBR,4.8325,4.735,4.8,4.76
2025-03-31,NYSE:BSBR,4.725,4.6539,4.71,4.71
2025-04-01,NYSE:BSBR,4.82,4.7,4.71,4.75
2025-04-02,NYSE:BSBR,4.825,4.73,4.79,4.8
2025-04-03,NYSE:BSBR,4.9591,4.84,4.87,4.9
2025-04-04,NYSE:BSBR,4.72,4.52,4.71,4.58
2025-04-07,NYSE:BSBR,4.63,4.395,4.45,4.46
2025-04-08,NYSE:BSBR,4.59,4.325,4.59,4.36
2025-04-09,NYSE:BSBR,4.59,4.255,4.27,4.55
2025-04-10,NYSE:BSBR,4.53,4.41,4.49,4.47
2025-04-11,NYSE:BSBR,4.61,4.485,4.52,4.57
2025-04-14,NYSE:BSBR,4.62,4.5,4.59,4.6
2025-04-15,NYSE:BSBR,4.69,4.62,4.65,4.63
2025-04-16,NYSE:BSBR,4.71,4.6,4.64,4.66
2025-04-17,NYSE:BSBR,4.78,4.64,4.66,4.7
2025-04-21,NYSE:BSBR,4.73,4.66,4.7,4.72
2025-04-22,NYSE:BSBR,4.84,4.7,4.72,4.81
2025-04-23,NYSE:BSBR,4.89,4.8,4.83,4.81
2025-04-24,NYSE:BSBR,4.98,4.83,4.85,4.98
2025-04-25,NYSE:BSBR,5.03,4.94,4.98,4.96
2025-04-28,NYSE:BSBR,5.03,4.955,4.99,5.02
2025-04-29,NYSE:BSBR,5.175,5.045,5.05,5.15
2025-04-30,NYSE:BSBR,5.26,4.995,5.05,5.26
2025-05-01,NYSE:BSBR,5.27,5.075,5.27,5.13
2025-05-02,NYSE:BSBR,5.25,5.14,5.25,5.14
2025-05-05,NYSE:BSBR,5.225,5.02,5.2,5.02
2025-05-06,NYSE:BSBR,5.085,5.0,5.01,5.01
2025-05-07,NYSE:BSBR,5.04,4.955,5.02,4.97
2025-05-08,NYSE:BSBR,5.3086,5.12,5.15,5.28
2025-05-09,NYSE:BSBR,5.375,5.3,5.3,5.33
2025-05-12,NYSE:BSBR,5.32,5.19,5.32,5.23
2025-05-13,NYSE:BSBR,5.435,5.32,5.32,5.42
2025-05-14,NYSE:BSBR,5.49,5.41,5.42,5.42
2025-05-15,NYSE:BSBR,5.465,5.33,5.44,5.35
2025-05-16,NYSE:BSBR,5.345,5.275,5.32,5.33
2025-05-19,NYSE:BSBR,5.425,5.31,5.31,5.42
2025-05-20,NYSE:BSBR,5.41,5.34,5.41,5.36
2025-05-21,NYSE:BSBR,5.35,5.225,5.35,5.26
2025-05-22,NYSE:BSBR,5.395,5.24,5.25,5.26
2025-05-23,NYSE:BSBR,5.31,5.13,5.15,5.3
2025-05-27,NYSE:BSBR,5.44,5.3,5.41,5.34
2025-05-28,NYSE:BSBR,5.37,5.25,5.37,5.26
2025-05-29,NYSE:BSBR,5.32,5.24,5.28,5.29
2025-05-30,NYSE:BSBR,5.25,5.155,5.25,5.2
2025-06-02,NYSE:BSBR,5.28,5.16,5.28,5.2
2025-06-03,NYSE:BSBR,5.3,5.155,5.2,5.28
2025-06-04,NYSE:BSBR,5.32,5.15,5.29,5.16
2025-06-05,NYSE:BSBR,5.22,5.14,5.2,5.17
2025-06-06,NYSE:BSBR,5.205,5.11,5.19,5.19
2025-06-09,NYSE:BSBR,5.19,5.085,5.15,5.16
2025-06-10,NYSE:BSBR,5.235,5.14,5.2,5.2
2025-06-11,NYSE:BSBR,5.4865,5.32,5.36,5.45
2025-06-12,NYSE:BSBR,5.43,5.36,5.43,5.38
2025-06-13,NYSE:BSBR,5.45,5.28,5.28,5.41
2025-06-16,NYSE:BSBR,5.53,5.45,5.45,5.47
2025-06-17,NYSE:BSBR,5.49,5.405,5.44,5.45
2025-06-18,NYSE:BSBR,5.51,5.43,5.45,5.45
2025-06-20,NYSE:BSBR,5.44,5.31,5.44,5.34
2025-01-15,NYSE:TRI,157.71,154.8,155.71,157.71
2025-01-16,NYSE:TRI,158.57,157.08,158.05,158.15
2025-01-17,NYSE:TRI,160.27,158.57,158.84,159.25
2025-01-21,NYSE:TRI,162.94,159.68,160.95,162.37
2025-01-22,NYSE:TRI,164.735,162.02,162.52,164.1
2025-01-23,NYSE:TRI,165.13,163.43,164.14,164.69
2025-01-24,NYSE:TRI,165.62,162.925,164.85,163.2
2025-01-27,NYSE:TRI,164.81,161.5,162.44,164.6
2025-01-28,NYSE:TRI,166.62,164.13,165.0,166.2
2025-01-29,NYSE:TRI,167.6487,165.42,165.84,166.85
2025-01-30,NYSE:TRI,170.55,167.52,168.0,169.04
2025-01-31,NYSE:TRI,170.03,168.03,168.89,168.25
2025-02-03,NYSE:TRI,169.71,162.0,162.79,169.18
2025-02-04,NYSE:TRI,170.87,167.83,169.98,168.06
2025-02-05,NYSE:TRI,170.57,167.76,168.96,169.23
2025-02-06,NYSE:TRI,178.345,167.24,168.96,176.9
2025-02-07,NYSE:TRI,177.525,174.22,176.37,176.64
2025-02-10,NYSE:TRI,179.21,177.04,177.73,178.93
2025-02-11,NYSE:TRI,179.45,177.553,179.45,178.59
2025-02-12,NYSE:TRI,177.66,175.365,177.66,175.88
2025-02-13,NYSE:TRI,179.01,175.655,175.73,178.94
2025-02-14,NYSE:TRI,179.17,173.69,179.0,173.69
2025-02-18,NYSE:TRI,174.355,171.8629,173.91,173.56
2025-02-19,NYSE:TRI,173.72,171.23,173.72,172.6
2025-02-20,NYSE:TRI,177.35,171.89,171.89,176.8
2025-02-21,NYSE:TRI,178.46,176.06,177.17,176.28
2025-02-24,NYSE:TRI,179.0,176.28,176.28,176.52
2025-02-25,NYSE:TRI,180.015,176.17,176.17,179.32
2025-02-26,NYSE:TRI,179.17,176.3,179.17,176.88
2025-02-27,NYSE:TRI,178.5,176.18,177.35,176.44
2025-02-28,NYSE:TRI,178.965,175.85,177.09,178.82
2025-03-03,NYSE:TRI,180.42,177.465,178.82,178.53
2025-03-04,NYSE:TRI,179.22,175.28,178.72,175.82
2025-03-05,NYSE:TRI,177.35,175.02,176.21,176.0
2025-03-06,NYSE:TRI,178.5,173.6,174.79,175.08
2025-03-07,NYSE:TRI,178.38,174.32,174.32,177.66
2025-03-10,NYSE:TRI,177.59,172.59,177.33,173.74
2025-03-11,NYSE:TRI,173.17,171.0,173.09,171.69
2025-03-12,NYSE:TRI,172.77,170.23,172.39,171.02
2025-03-13,NYSE:TRI,171.98,169.31,170.27,170.01
2025-03-14,NYSE:TRI,172.32,170.4995,170.85,172.17
2025-03-17,NYSE:TRI,174.155,171.495,171.58,173.92
2025-03-18,NYSE:TRI,174.16,170.94,173.78,172.34
2025-03-19,NYSE:TRI,172.445,170.2,170.53,171.02
2025-03-20,NYSE:TRI,171.375,169.445,170.45,170.09
2025-03-21,NYSE:TRI,170.935,168.25,168.88,170.01
2025-03-24,NYSE:TRI,171.91,169.74,169.98,171.57
2025-03-25,NYSE:TRI,173.31,171.635,171.84,172.45
2025-03-26,NYSE:TRI,173.605,171.4,172.3,172.02
2025-03-27,NYSE:TRI,173.2,170.93,171.36,172.68
2025-03-28,NYSE:TRI,173.37,170.7,172.6,171.01
2025-03-31,NYSE:TRI,173.06,169.05,170.32,172.78
2025-04-01,NYSE:TRI,174.685,171.21,172.79,174.07
2025-04-02,NYSE:TRI,175.635,172.79,173.4,175.53
2025-04-03,NYSE:TRI,178.65,173.45,173.45,175.91
2025-04-04,NYSE:TRI,174.31,165.79,173.5,165.98
2025-04-07,NYSE:TRI,167.42,159.77,161.88,162.65
2025-04-08,NYSE:TRI,167.1399,160.23,166.72,161.45
2025-04-09,NYSE:TRI,171.7,160.1,160.81,170.06
2025-04-10,NYSE:TRI,169.38,164.79,168.0,167.27
2025-04-11,NYSE:TRI,173.64,167.84,168.03,172.68
2025-04-14,NYSE:TRI,176.56,173.59,174.0,176.36
2025-04-15,NYSE:TRI,182.29,174.89,176.1,181.7
2025-04-16,NYSE:TRI,184.11,179.25,180.9,180.25
2025-04-17,NYSE:TRI,183.89,179.65,180.75,181.95
2025-04-21,NYSE:TRI,183.28,178.731,181.95,180.15
2025-04-22,NYSE:TRI,183.665,180.175,181.57,182.26
2025-04-23,NYSE:TRI,183.93,180.27,183.51,182.01
2025-04-24,NYSE:TRI,182.96,180.75,181.96,182.03
2025-04-25,NYSE:TRI,182.24,179.98,182.03,181.66
2025-04-28,NYSE:TRI,183.36,180.9,180.955,182.41
2025-04-29,NYSE:TRI,184.54,182.76,182.83,184.3
2025-04-30,NYSE:TRI,186.435,182.96,183.8,185.98
2025-05-01,NYSE:TRI,189.89,185.15,185.52,185.74
2025-05-02,NYSE:TRI,185.55,180.715,184.55,184.51
2025-05-05,NYSE:TRI,186.64,183.87,185.0,185.74
2025-05-06,NYSE:TRI,186.83,185.12,185.21,186.01
2025-05-07,NYSE:TRI,189.28,186.15,186.15,188.56
2025-05-08,NYSE:TRI,189.175,186.8,188.75,187.03
2025-05-09,NYSE:TRI,187.64,185.94,187.5,187.39
2025-05-12,NYSE:TRI,188.52,181.78,188.23,184.75
2025-05-13,NYSE:TRI,186.16,183.9,184.48,184.26
2025-05-14,NYSE:TRI,185.45,183.49,184.27,185.1
2025-05-15,NYSE:TRI,190.29,185.36,185.43,189.65
2025-05-16,NYSE:TRI,191.42,189.125,190.91,191.23
2025-05-19,NYSE:TRI,194.14,190.655,190.68,193.98
2025-05-20,NYSE:TRI,196.265,194.08,194.62,196.07
2025-05-21,NYSE:TRI,196.2,194.58,195.46,195.17
2025-05-22,NYSE:TRI,195.415,192.755,195.05,194.17
2025-05-23,NYSE:TRI,195.56,193.5866,194.23,195.12
2025-05-27,NYSE:TRI,196.735,191.52,192.08,194.82
2025-05-28,NYSE:TRI,197.18,194.4058,194.6,196.5
2025-05-29,NYSE:TRI,197.32,196.01,196.06,196.39
2025-05-30,NYSE:TRI,198.77,196.225,196.39,198.645
2025-06-02,NYSE:TRI,199.11,196.04,198.16,197.42
2025-06-03,NYSE:TRI,197.09,193.97,196.95,194.79
2025-06-04,NYSE:TRI,197.41,194.475,195.74,195.76
2025-06-05,NYSE:TRI,196.56,194.87,196.5,195.3
2025-06-06,NYSE:TRI,196.23,194.81,195.48,195.0
2025-06-09,NYSE:TRI,195.0,191.185,194.0,192.66
2025-06-10,NYSE:TRI,192.99,191.0,192.51,192.05
2025-06-11,NYSE:TRI,195.22,191.26,192.0,194.79
2025-06-12,NYSE:TRI,197.19,194.74,194.74,197.1
2025-06-13,NYSE:TRI,197.35,195.02,195.89,195.2
2025-06-16,NYSE:TRI,197.355,195.24,196.17,196.23
2025-06-17,NYSE:TRI,196.65,194.465,195.82,196.04
2025-06-18,NYSE:TRI,197.03,195.15,196.25,195.96
2025-06-20,NYSE:TRI,196.465,193.635,196.12,193.85
2025-01-15,NYSE:BRFS,4.045,3.93,4.04,4.01
2025-01-16,NYSE:BRFS,3.98,3.72,3.97,3.73
2025-01-17,NYSE:BRFS,3.85,3.75,3.77,3.75
2025-01-21,NYSE:BRFS,3.65,3.535,3.58,3.61
2025-01-22,NYSE:BRFS,3.73,3.65,3.71,3.72
2025-01-23,NYSE:BRFS,3.77,3.62,3.75,3.67
2025-01-24,NYSE:BRFS,3.7597,3.68,3.71,3.7
2025-01-27,NYSE:BRFS,3.79,3.725,3.74,3.79
2025-01-28,NYSE:BRFS,3.8,3.73,3.77,3.74
2025-01-29,NYSE:BRFS,3.77,3.7,3.75,3.76
2025-01-30,NYSE:BRFS,3.78,3.71,3.75,3.75
2025-01-31,NYSE:BRFS,3.8521,3.75,3.8,3.75
2025-02-03,NYSE:BRFS,3.79,3.68,3.76,3.71
2025-02-04,NYSE:BRFS,3.64,3.5611,3.62,3.6
2025-02-05,NYSE:BRFS,3.64,3.53,3.55,3.62
2025-02-06,NYSE:BRFS,3.705,3.645,3.68,3.7
2025-02-07,NYSE:BRFS,3.685,3.575,3.66,3.6
2025-02-10,NYSE:BRFS,3.75,3.655,3.67,3.72
2025-02-11,NYSE:BRFS,3.69,3.635,3.69,3.66
2025-02-12,NYSE:BRFS,3.57,3.51,3.55,3.53
2025-02-13,NYSE:BRFS,3.48,3.385,3.4,3.41
2025-02-14,NYSE:BRFS,3.54,3.38,3.39,3.52
2025-02-18,NYSE:BRFS,3.48,3.38,3.44,3.39
2025-02-19,NYSE:BRFS,3.42,3.33,3.38,3.37
2025-02-20,NYSE:BRFS,3.37,3.32,3.33,3.33
2025-02-21,NYSE:BRFS,3.37,3.29,3.33,3.35
2025-02-24,NYSE:BRFS,3.36,3.27,3.35,3.29
2025-02-25,NYSE:BRFS,3.375,3.32,3.34,3.34
2025-02-26,NYSE:BRFS,3.36,3.225,3.23,3.31
2025-02-27,NYSE:BRFS,3.19,2.99,3.09,3.14
2025-02-28,NYSE:BRFS,3.19,3.03,3.14,3.07
2025-03-03,NYSE:BRFS,3.17,3.08,3.09,3.09
2025-03-04,NYSE:BRFS,3.3,3.02,3.11,3.09
2025-03-05,NYSE:BRFS,3.285,3.07,3.1,3.24
2025-03-06,NYSE:BRFS,3.39,3.2,3.31,3.22
2025-03-07,NYSE:BRFS,3.33,3.23,3.24,3.32
2025-03-10,NYSE:BRFS,3.32,3.18,3.26,3.22
2025-03-11,NYSE:BRFS,3.23,3.14,3.22,3.17
2025-03-12,NYSE:BRFS,3.27,3.2,3.22,3.27
2025-03-13,NYSE:BRFS,3.23,3.16,3.19,3.19
2025-03-14,NYSE:BRFS,3.25,3.145,3.22,3.18
2025-03-17,NYSE:BRFS,3.22,3.015,3.1,3.19
2025-03-18,NYSE:BRFS,3.45,3.3012,3.31,3.45
2025-03-19,NYSE:BRFS,3.505,3.405,3.45,3.45
2025-03-20,NYSE:BRFS,3.55,3.455,3.46,3.47
2025-03-21,NYSE:BRFS,3.46,3.385,3.43,3.45
2025-03-24,NYSE:BRFS,3.4044,3.31,3.4,3.34
2025-03-25,NYSE:BRFS,3.53,3.4,3.41,3.46
2025-03-26,NYSE:BRFS,3.425,3.37,3.42,3.41
2025-03-27,NYSE:BRFS,3.6,3.47,3.49,3.5
2025-03-28,NYSE:BRFS,3.45,3.39,3.45,3.41
2025-03-31,NYSE:BRFS,3.465,3.38,3.44,3.44
2025-04-01,NYSE:BRFS,3.545,3.42,3.43,3.54
2025-04-02,NYSE:BRFS,3.48,3.405,3.48,3.44
2025-04-03,NYSE:BRFS,3.515,3.43,3.44,3.47
2025-04-04,NYSE:BRFS,3.45,3.26,3.38,3.28
2025-04-07,NYSE:BRFS,3.325,3.13,3.17,3.15
2025-04-08,NYSE:BRFS,3.25,3.0913,3.24,3.11
2025-04-09,NYSE:BRFS,3.51,3.09,3.09,3.46
2025-04-10,NYSE:BRFS,3.53,3.36,3.42,3.41
2025-04-11,NYSE:BRFS,3.52,3.39,3.41,3.49
2025-04-14,NYSE:BRFS,3.525,3.425,3.5,3.46
2025-04-15,NYSE:BRFS,3.48,3.41,3.46,3.47
2025-04-16,NYSE:BRFS,3.5883,3.46,3.47,3.5
2025-04-17,NYSE:BRFS,3.665,3.5,3.5,3.63
2025-04-21,NYSE:BRFS,3.63,3.49,3.62,3.54
2025-04-22,NYSE:BRFS,3.79,3.685,3.69,3.77
2025-04-23,NYSE:BRFS,3.865,3.735,3.84,3.75
2025-04-24,NYSE:BRFS,3.88,3.765,3.83,3.83
2025-04-25,NYSE:BRFS,4.01,3.905,3.91,3.98
2025-04-28,NYSE:BRFS,4.07,3.935,4.01,3.97
2025-04-29,NYSE:BRFS,4.04,3.965,4.0,4.0
2025-04-30,NYSE:BRFS,3.97,3.92,3.94,3.96
2025-05-01,NYSE:BRFS,3.945,3.855,3.93,3.88
2025-05-02,NYSE:BRFS,3.94,3.87,3.91,3.92
2025-05-05,NYSE:BRFS,3.91,3.68,3.91,3.73
2025-05-06,NYSE:BRFS,3.71,3.51,3.71,3.54
2025-05-07,NYSE:BRFS,3.51,3.45,3.5,3.49
2025-05-08,NYSE:BRFS,3.6699,3.53,3.54,3.59
2025-05-09,NYSE:BRFS,3.565,3.37,3.55,3.38
2025-05-12,NYSE:BRFS,3.45,3.35,3.38,3.45
2025-05-13,NYSE:BRFS,3.605,3.49,3.5,3.58
2025-05-14,NYSE:BRFS,3.68,3.445,3.67,3.48
2025-05-15,NYSE:BRFS,3.74,3.48,3.53,3.59
2025-05-16,NYSE:BRFS,3.645,3.3812,3.43,3.61
2025-05-19,NYSE:BRFS,3.625,3.5,3.57,3.57
2025-05-20,NYSE:BRFS,3.75,3.625,3.68,3.65
2025-05-21,NYSE:BRFS,3.79,3.67,3.73,3.69
2025-05-22,NYSE:BRFS,3.81,3.67,3.75,3.72
2025-05-23,NYSE:BRFS,3.715,3.605,3.69,3.7
2025-05-27,NYSE:BRFS,3.74,3.58,3.71,3.6
2025-05-28,NYSE:BRFS,3.56,3.49,3.53,3.51
2025-05-29,NYSE:BRFS,3.61,3.5,3.54,3.57
2025-05-30,NYSE:BRFS,3.55,3.49,3.55,3.51
2025-06-02,NYSE:BRFS,3.58,3.48,3.53,3.56
2025-06-03,NYSE:BRFS,3.63,3.58,3.6,3.59
2025-06-04,NYSE:BRFS,3.62,3.555,3.61,3.56
2025-06-05,NYSE:BRFS,3.64,3.57,3.6,3.62
2025-06-06,NYSE:BRFS,3.665,3.6,3.64,3.62
2025-06-09,NYSE:BRFS,3.74,3.615,3.63,3.71
2025-06-10,NYSE:BRFS,3.845,3.7411,3.79,3.83
2025-06-11,NYSE:BRFS,3.84,3.77,3.8,3.81
2025-06-12,NYSE:BRFS,3.74,3.62,3.73,3.67
2025-06-13,NYSE:BRFS,3.735,3.57,3.6,3.71
2025-06-16,NYSE:BRFS,3.8492,3.63,3.8,3.67
2025-06-17,NYSE:BRFS,3.7,3.525,3.68,3.65
2025-06-18,NYSE:BRFS,3.86,3.605,3.64,3.74
2025-06-20,NYSE:BRFS,3.71,3.56,3.69,3.6
2025-01-15,NYSE:VALE,8.79,8.6,8.71,8.76
2025-01-16,NYSE:VALE,8.85,8.645,8.74,8.77
2025-01-17,NYSE:VALE,9.07,8.855,8.86,8.94
2025-01-21,NYSE:VALE,9.01,8.84,8.98,8.98
2025-01-22,NYSE:VALE,9.1,8.845,9.03,8.87
2025-01-23,NYSE:VALE,8.91,8.78,8.87,8.89
2025-01-24,NYSE:VALE,9.08,8.97,9.02,8.98
2025-01-27,NYSE:VALE,9.19,8.93,8.955,9.16
2025-01-28,NYSE:VALE,9.105,8.99,9.1,9.03
2025-01-29,NYSE:VALE,9.17,8.9935,9.02,9.07
2025-01-30,NYSE:VALE,9.52,9.15,9.16,9.39
2025-01-31,NYSE:VALE,9.51,9.29,9.43,9.29
2025-02-03,NYSE:VALE,9.38,9.1148,9.16,9.36
2025-02-04,NYSE:VALE,9.47,9.36,9.42,9.43
2025-02-05,NYSE:VALE,9.45,9.34,9.37,9.37
2025-02-06,NYSE:VALE,9.68,9.56,9.61,9.61
2025-02-07,NYSE:VALE,9.68,9.43,9.68,9.47
2025-02-10,NYSE:VALE,9.6,9.49,9.5,9.56
2025-02-11,NYSE:VALE,9.6,9.48,9.52,9.57
2025-02-12,NYSE:VALE,9.63,9.53,9.58,9.56
2025-02-13,NYSE:VALE,9.58,9.36,9.41,9.57
2025-02-14,NYSE:VALE,9.82,9.65,9.7,9.76
2025-02-18,NYSE:VALE,9.875,9.7601,9.8,9.81
2025-02-19,NYSE:VALE,9.78,9.63,9.74,9.74
2025-02-20,NYSE:VALE,10.28,9.99,9.99,10.15
2025-02-21,NYSE:VALE,10.23,10.07,10.18,10.11
2025-02-24,NYSE:VALE,10.23,9.95,10.18,9.97
2025-02-25,NYSE:VALE,9.96,9.87,9.92,9.89
2025-02-26,NYSE:VALE,9.97,9.75,9.96,9.76
2025-02-27,NYSE:VALE,9.78,9.62,9.78,9.63
2025-02-28,NYSE:VALE,9.6,9.35,9.56,9.43
2025-03-03,NYSE:VALE,9.68,9.35,9.595,9.39
2025-03-04,NYSE:VALE,9.47,9.21,9.34,9.36
2025-03-05,NYSE:VALE,9.74,9.445,9.47,9.7
2025-03-06,NYSE:VALE,9.86,9.72,9.76,9.78
2025-03-07,NYSE:VALE,9.95,9.67,9.69,9.9
2025-03-10,NYSE:VALE,9.47,9.08,9.4,9.24
2025-03-11,NYSE:VALE,9.44,9.165,9.29,9.4
2025-03-12,NYSE:VALE,9.29,9.16,9.24,9.27
2025-03-13,NYSE:VALE,9.535,9.2704,9.28,9.42
2025-03-14,NYSE:VALE,9.9,9.62,9.65,9.81
2025-03-17,NYSE:VALE,10.11,9.87,9.88,10.08
2025-03-18,NYSE:VALE,10.21,9.955,10.09,10.18
2025-03-19,NYSE:VALE,10.22,10.04,10.13,10.19
2025-03-20,NYSE:VALE,10.18,10.06,10.11,10.14
2025-03-21,NYSE:VALE,10.09,9.98,10.0,10.07
2025-03-24,NYSE:VALE,10.2,9.915,10.14,9.94
2025-03-25,NYSE:VALE,10.16,10.05,10.08,10.09
2025-03-26,NYSE:VALE,10.15,10.06,10.09,10.13
2025-03-27,NYSE:VALE,10.2,10.06,10.07,10.17
2025-03-28,NYSE:VALE,10.165,10.01,10.12,10.04
2025-03-31,NYSE:VALE,10.0,9.76,9.85,9.98
2025-04-01,NYSE:VALE,10.22,10.04,10.06,10.1
2025-04-02,NYSE:VALE,10.11,9.94,10.11,10.09
2025-04-03,NYSE:VALE,10.12,9.7125,9.98,9.73
2025-04-04,NYSE:VALE,9.3,8.87,9.29,9.08
2025-04-07,NYSE:VALE,9.2,8.64,8.79,8.83
2025-04-08,NYSE:VALE,9.01,8.17,9.0,8.26
2025-04-09,NYSE:VALE,8.92,8.055,8.15,8.86
2025-04-10,NYSE:VALE,9.04,8.665,8.885,8.9
2025-04-11,NYSE:VALE,9.28,8.94,9.01,9.22
2025-04-14,NYSE:VALE,9.44,9.23,9.355,9.27
2025-04-15,NYSE:VALE,9.335,9.1011,9.31,9.13
2025-04-16,NYSE:VALE,9.08,8.93,9.05,9.0
2025-04-17,NYSE:VALE,9.2,8.98,8.99,9.11
2025-04-21,NYSE:VALE,9.17,9.04,9.13,9.12
2025-04-22,NYSE:VALE,9.51,9.175,9.19,9.44
2025-04-23,NYSE:VALE,9.78,9.54,9.66,9.55
2025-04-24,NYSE:VALE,9.82,9.6591,9.71,9.75
2025-04-25,NYSE:VALE,9.59,9.44,9.55,9.5
2025-04-28,NYSE:VALE,9.62,9.48,9.51,9.6
2025-04-29,NYSE:VALE,9.63,9.55,9.61,9.6
2025-04-30,NYSE:VALE,9.43,9.29,9.31,9.31
2025-05-01,NYSE:VALE,9.39,9.18,9.31,9.24
2025-05-02,NYSE:VALE,9.52,9.32,9.44,9.37
2025-05-05,NYSE:VALE,9.43,9.3,9.415,9.31
2025-05-06,NYSE:VALE,9.395,9.3,9.345,9.31
2025-05-07,NYSE:VALE,9.34,9.17,9.32,9.22
2025-05-08,NYSE:VALE,9.43,9.27,9.31,9.3
2025-05-09,NYSE:VALE,9.39,9.305,9.35,9.36
2025-05-12,NYSE:VALE,9.77,9.54,9.71,9.6
2025-05-13,NYSE:VALE,9.92,9.65,9.66,9.88
2025-05-14,NYSE:VALE,9.93,9.76,9.92,9.79
2025-05-15,NYSE:VALE,9.89,9.76,9.81,9.81
2025-05-16,NYSE:VALE,9.85,9.62,9.68,9.8
2025-05-19,NYSE:VALE,9.86,9.7,9.7,9.83
2025-05-20,NYSE:VALE,9.82,9.71,9.8,9.78
2025-05-21,NYSE:VALE,9.78,9.64,9.78,9.65
2025-05-22,NYSE:VALE,9.75,9.55,9.63,9.58
2025-05-23,NYSE:VALE,9.6299,9.42,9.43,9.6
2025-05-27,NYSE:VALE,9.58,9.48,9.54,9.54
2025-05-28,NYSE:VALE,9.46,9.33,9.46,9.37
2025-05-29,NYSE:VALE,9.51,9.41,9.48,9.44
2025-05-30,NYSE:VALE,9.37,9.11,9.37,9.13
2025-06-02,NYSE:VALE,9.31,9.21,9.245,9.27
2025-06-03,NYSE:VALE,9.35,9.12,9.19,9.31
2025-06-04,NYSE:VALE,9.51,9.35,9.39,9.35
2025-06-05,NYSE:VALE,9.62,9.47,9.54,9.5
2025-06-06,NYSE:VALE,9.55,9.41,9.51,9.49
2025-06-09,NYSE:VALE,9.58,9.42,9.5,9.58
2025-06-10,NYSE:VALE,9.74,9.59,9.6,9.66
2025-06-11,NYSE:VALE,9.7,9.55,9.66,9.61
2025-06-12,NYSE:VALE,9.6,9.48,9.54,9.54
2025-06-13,NYSE:VALE,9.48,9.36,9.39,9.46
2025-06-16,NYSE:VALE,9.855,9.53,9.54,9.82
2025-06-17,NYSE:VALE,9.77,9.335,9.75,9.35
2025-06-18,NYSE:VALE,9.46,9.28,9.4,9.3
2025-06-20,NYSE:VALE,9.28,9.02,9.28,9.06
2025-01-15,NYSE:CIG,1.77,1.73,1.76,1.77
2025-01-16,NYSE:CIG,1.76,1.7,1.76,1.71
2025-01-17,NYSE:CIG,1.75,1.69,1.7,1.71
2025-01-21,NYSE:CIG,1.76,1.724,1.73,1.76
2025-01-22,NYSE:CIG,1.78,1.75,1.76,1.76
2025-01-23,NYSE:CIG,1.8,1.77,1.77,1.79
2025-01-24,NYSE:CIG,1.795,1.77,1.79,1.78
2025-01-27,NYSE:CIG,1.82,1.78,1.8,1.82
2025-01-28,NYSE:CIG,1.84,1.81,1.82,1.84
2025-01-29,NYSE:CIG,1.84,1.8,1.84,1.8
2025-01-30,NYSE:CIG,1.8799,1.82,1.82,1.86
2025-01-31,NYSE:CIG,1.91,1.86,1.9,1.87
2025-02-03,NYSE:CIG,1.93,1.88,1.88,1.93
2025-02-04,NYSE:CIG,1.93,1.9007,1.92,1.91
2025-02-05,NYSE:CIG,1.93,1.88,1.9,1.89
2025-02-06,NYSE:CIG,1.9,1.87,1.89,1.88
2025-02-07,NYSE:CIG,1.9064,1.86,1.9,1.87
2025-02-10,NYSE:CIG,1.9,1.85,1.87,1.89
2025-02-11,NYSE:CIG,1.935,1.91,1.93,1.92
2025-02-12,NYSE:CIG,1.93,1.9,1.91,1.92
2025-02-13,NYSE:CIG,1.91,1.8889,1.89,1.9
2025-02-14,NYSE:CIG,1.99,1.93,1.94,1.98
2025-02-18,NYSE:CIG,2.01,1.98,1.99,1.98
2025-02-19,NYSE:CIG,1.98,1.95,1.97,1.95
2025-02-20,NYSE:CIG,1.96,1.9301,1.96,1.95
2025-02-21,NYSE:CIG,1.97,1.925,1.96,1.94
2025-02-24,NYSE:CIG,1.955,1.91,1.95,1.91
2025-02-25,NYSE:CIG,1.98,1.94,1.96,1.96
2025-02-26,NYSE:CIG,1.95,1.91,1.95,1.91
2025-02-27,NYSE:CIG,1.92,1.9,1.92,1.9
2025-02-28,NYSE:CIG,1.91,1.85,1.9,1.86
2025-03-03,NYSE:CIG,1.92,1.86,1.89,1.86
2025-03-04,NYSE:CIG,1.88,1.8,1.86,1.85
2025-03-05,NYSE:CIG,1.92,1.85,1.86,1.92
2025-03-06,NYSE:CIG,1.95,1.89,1.91,1.94
2025-03-07,NYSE:CIG,1.97,1.9211,1.95,1.96
2025-03-10,NYSE:CIG,1.92,1.87,1.89,1.89
2025-03-11,NYSE:CIG,1.92,1.88,1.9,1.91
2025-03-12,NYSE:CIG,1.93,1.895,1.91,1.91
2025-03-13,NYSE:CIG,1.94,1.88,1.88,1.94
2025-03-14,NYSE:CIG,1.93,1.87,1.91,1.91
2025-03-17,NYSE:CIG,1.94,1.88,1.9,1.93
2025-03-18,NYSE:CIG,1.96,1.91,1.94,1.95
2025-03-19,NYSE:CIG,2.0,1.97,1.97,1.98
2025-03-20,NYSE:CIG,1.99,1.93,1.99,1.97
2025-03-21,NYSE:CIG,1.93,1.82,1.93,1.84
2025-03-24,NYSE:CIG,1.868,1.83,1.84,1.83
2025-03-25,NYSE:CIG,1.86,1.83,1.84,1.83
2025-03-26,NYSE:CIG,1.85,1.8,1.82,1.82
2025-03-27,NYSE:CIG,1.82,1.78,1.82,1.79
2025-03-28,NYSE:CIG,1.81,1.77,1.8,1.81
2025-03-31,NYSE:CIG,1.79,1.75,1.78,1.76
2025-04-01,NYSE:CIG,1.75,1.71,1.71,1.72
2025-04-02,NYSE:CIG,1.765,1.71,1.76,1.72
2025-04-03,NYSE:CIG,1.7999,1.75,1.78,1.77
2025-04-04,NYSE:CIG,1.72,1.66,1.72,1.69
2025-04-07,NYSE:CIG,1.7,1.62,1.66,1.65
2025-04-08,NYSE:CIG,1.7,1.62,1.7,1.62
2025-04-09,NYSE:CIG,1.72,1.59,1.6,1.69
2025-04-10,NYSE:CIG,1.685,1.63,1.67,1.67
2025-04-11,NYSE:CIG,1.71,1.655,1.67,1.7
2025-04-14,NYSE:CIG,1.72,1.69,1.695,1.7
2025-04-15,NYSE:CIG,1.72,1.7,1.71,1.7
2025-04-16,NYSE:CIG,1.7294,1.69,1.69,1.69
2025-04-17,NYSE:CIG,1.75,1.71,1.71,1.75
2025-04-21,NYSE:CIG,1.76,1.71,1.75,1.73
2025-04-22,NYSE:CIG,1.78,1.75,1.76,1.77
2025-04-23,NYSE:CIG,1.8,1.77,1.78,1.79
2025-04-24,NYSE:CIG,1.84,1.775,1.8,1.82
2025-04-25,NYSE:CIG,1.9,1.85,1.85,1.88
2025-04-28,NYSE:CIG,1.895,1.86,1.885,1.88
2025-04-29,NYSE:CIG,1.92,1.87,1.9,1.89
2025-04-30,NYSE:CIG,1.91,1.88,1.89,1.89
2025-05-01,NYSE:CIG,1.92,1.87,1.9,1.87
2025-05-02,NYSE:CIG,1.91,1.87,1.9,1.9
2025-05-05,NYSE:CIG,1.9,1.84,1.9,1.84
2025-05-06,NYSE:CIG,1.86,1.83,1.84,1.86
2025-05-07,NYSE:CIG,1.8653,1.83,1.86,1.85
2025-05-08,NYSE:CIG,1.93,1.88,1.88,1.92
2025-05-09,NYSE:CIG,1.92,1.89,1.9,1.9
2025-05-12,NYSE:CIG,1.79,1.75,1.76,1.78
2025-05-13,NYSE:CIG,1.82,1.77,1.78,1.81
2025-05-14,NYSE:CIG,1.8101,1.79,1.81,1.81
2025-05-15,NYSE:CIG,1.84,1.8,1.81,1.82
2025-05-16,NYSE:CIG,1.83,1.79,1.8,1.83
2025-05-19,NYSE:CIG,1.86,1.81,1.81,1.86
2025-05-20,NYSE:CIG,1.87,1.84,1.87,1.86
2025-05-21,NYSE:CIG,1.85,1.81,1.85,1.83
2025-05-22,NYSE:CIG,1.855,1.8,1.84,1.82
2025-05-23,NYSE:CIG,1.88,1.77,1.79,1.87
2025-05-27,NYSE:CIG,1.93,1.89,1.9,1.91
2025-05-28,NYSE:CIG,1.89,1.86,1.88,1.87
2025-05-29,NYSE:CIG,1.92,1.89,1.9,1.91
2025-05-30,NYSE:CIG,1.91,1.86,1.91,1.87
2025-06-02,NYSE:CIG,1.9,1.84,1.88,1.84
2025-06-03,NYSE:CIG,1.87,1.83,1.85,1.86
2025-06-04,NYSE:CIG,1.89,1.83,1.88,1.84
2025-06-05,NYSE:CIG,1.84,1.81,1.84,1.82
2025-06-06,NYSE:CIG,1.85,1.815,1.82,1.84
2025-06-09,NYSE:CIG,1.85,1.81,1.84,1.84
2025-06-10,NYSE:CIG,1.86,1.83,1.85,1.84
2025-06-11,NYSE:CIG,1.87,1.82,1.84,1.85
2025-06-12,NYSE:CIG,1.89,1.84,1.86,1.89
2025-06-13,NYSE:CIG,1.9,1.855,1.86,1.9
2025-06-16,NYSE:CIG,1.94,1.9,1.92,1.93
2025-06-17,NYSE:CIG,1.95,1.92,1.92,1.94
2025-06-18,NYSE:CIG,1.97,1.93,1.94,1.95
2025-06-20,NYSE:CIG,1.96,1.92,1.95,1.92
2025-01-15,NYSE:HNI,50.66,49.495,49.78,50.45
2025-01-16,NYSE:HNI,50.76,49.9893,50.38,50.42
2025-01-17,NYSE:HNI,51.03,50.11,51.03,50.85
2025-01-21,NYSE:HNI,51.675,51.08,51.15,51.26
2025-01-22,NYSE:HNI,51.29,50.67,51.03,51.03
2025-01-23,NYSE:HNI,51.16,50.56,50.84,50.83
2025-01-24,NYSE:HNI,50.88,50.535,50.59,50.65
2025-01-27,NYSE:HNI,51.85,50.7,50.7,51.21
2025-01-28,NYSE:HNI,51.14,50.29,50.96,50.65
2025-01-29,NYSE:HNI,50.935,49.9,50.45,50.14
2025-01-30,NYSE:HNI,50.945,50.1775,50.6,50.66
2025-01-31,NYSE:HNI,50.565,49.57,50.35,49.85
2025-02-03,NYSE:HNI,48.95,47.38,48.87,47.42
2025-02-04,NYSE:HNI,48.32,47.495,47.5,48.28
2025-02-05,NYSE:HNI,48.66,47.885,48.44,48.64
2025-02-06,NYSE:HNI,49.15,48.59,48.86,48.88
2025-02-07,NYSE:HNI,48.88,47.68,48.88,48.16
2025-02-10,NYSE:HNI,49.4,48.215,48.39,48.79
2025-02-11,NYSE:HNI,49.41,48.23,48.4,49.36
2025-02-12,NYSE:HNI,48.89,48.18,48.38,48.23
2025-02-13,NYSE:HNI,49.855,48.46,48.46,49.6
2025-02-14,NYSE:HNI,50.73,49.5289,50.13,50.0
2025-02-18,NYSE:HNI,49.9,49.0223,49.9,49.3
2025-02-19,NYSE:HNI,49.33,48.62,48.62,49.02
2025-02-20,NYSE:HNI,50.15,46.09,48.0,49.15
2025-02-21,NYSE:HNI,49.95,45.6925,49.95,46.58
2025-02-24,NYSE:HNI,46.81,46.02,46.68,46.08
2025-02-25,NYSE:HNI,48.29,46.08,46.24,47.55
2025-02-26,NYSE:HNI,48.0,47.24,47.36,47.54
2025-02-27,NYSE:HNI,47.7401,46.06,47.33,46.28
2025-02-28,NYSE:HNI,47.13,46.16,46.43,46.59
2025-03-03,NYSE:HNI,47.21,46.11,46.65,46.3
2025-03-04,NYSE:HNI,45.75,44.53,45.73,44.67
2025-03-05,NYSE:HNI,45.445,44.29,44.6,44.63
2025-03-06,NYSE:HNI,45.32,44.12,44.12,44.87
2025-03-07,NYSE:HNI,45.47,44.53,44.75,45.01
2025-03-10,NYSE:HNI,45.29,44.18,44.55,44.31
2025-03-11,NYSE:HNI,44.43,43.58,44.33,44.19
2025-03-12,NYSE:HNI,44.42,43.17,44.1,44.0
2025-03-13,NYSE:HNI,43.95,43.05,43.95,43.17
2025-03-14,NYSE:HNI,43.75,43.17,43.42,43.57
2025-03-17,NYSE:HNI,43.87,43.01,43.38,43.63
2025-03-18,NYSE:HNI,44.0,43.095,43.58,43.46
2025-03-19,NYSE:HNI,43.88,43.11,43.52,43.86
2025-03-20,NYSE:HNI,44.49,43.4,43.4,43.74
2025-03-21,NYSE:HNI,43.655,42.67,43.22,43.36
2025-03-24,NYSE:HNI,44.9,43.88,44.04,44.64
2025-03-25,NYSE:HNI,44.65,43.89,44.49,44.11
2025-03-26,NYSE:HNI,44.77,43.96,44.28,44.23
2025-03-27,NYSE:HNI,45.71,44.295,44.5,45.48
2025-03-28,NYSE:HNI,45.545,44.5,45.17,44.67
2025-03-31,NYSE:HNI,44.675,43.8,44.14,44.35
2025-04-01,NYSE:HNI,44.96,43.72,44.13,44.78
2025-04-02,NYSE:HNI,45.44,44.12,44.12,45.43
2025-04-03,NYSE:HNI,43.7,42.285,43.54,42.73
2025-04-04,NYSE:HNI,42.57,40.78,41.16,42.22
2025-04-07,NYSE:HNI,43.39,40.53,40.98,41.19
2025-04-08,NYSE:HNI,42.37,40.0,42.37,40.26
2025-04-09,NYSE:HNI,43.755,39.76,39.76,43.24
2025-04-10,NYSE:HNI,42.89,40.96,42.21,41.83
2025-04-11,NYSE:HNI,42.5245,40.94,41.73,42.09
2025-04-14,NYSE:HNI,42.715,41.45,42.61,42.1
2025-04-15,NYSE:HNI,43.26,41.44,41.91,41.73
2025-04-16,NYSE:HNI,42.0906,40.665,41.52,40.95
2025-04-17,NYSE:HNI,41.75,40.862,40.88,41.2
2025-04-21,NYSE:HNI,40.87,40.0501,40.81,40.51
2025-04-22,NYSE:HNI,41.25,40.28,41.12,41.19
2025-04-23,NYSE:HNI,42.75,41.275,42.26,41.44
2025-04-24,NYSE:HNI,42.41,41.155,41.6,42.35
2025-04-25,NYSE:HNI,42.2,41.63,42.09,42.19
2025-04-28,NYSE:HNI,42.555,41.645,42.19,42.07
2025-04-29,NYSE:HNI,42.64,41.85,41.85,42.44
2025-04-30,NYSE:HNI,42.4,41.46,42.08,42.3
2025-05-01,NYSE:HNI,42.78,42.12,42.58,42.19
2025-05-02,NYSE:HNI,43.86,42.5,42.5,43.75
2025-05-05,NYSE:HNI,43.75,43.055,43.21,43.17
2025-05-06,NYSE:HNI,43.47,42.47,42.58,43.44
2025-05-07,NYSE:HNI,45.06,42.5,43.67,43.82
2025-05-08,NYSE:HNI,47.1,44.15,44.16,46.26
2025-05-09,NYSE:HNI,47.84,45.915,46.31,47.56
2025-05-12,NYSE:HNI,50.74,48.5,49.52,48.91
2025-05-13,NYSE:HNI,49.47,48.6,49.47,48.76
2025-05-14,NYSE:HNI,48.65,47.42,48.29,47.44
2025-05-15,NYSE:HNI,47.79,47.325,47.38,47.75
2025-05-16,NYSE:HNI,48.26,47.76,48.14,47.92
2025-05-19,NYSE:HNI,47.83,47.175,47.3,47.76
2025-05-20,NYSE:HNI,47.56,47.04,47.53,47.28
2025-05-21,NYSE:HNI,46.77,45.97,46.4,46.09
2025-05-22,NYSE:HNI,46.51,45.92,46.0,46.41
2025-05-23,NYSE:HNI,45.925,45.34,45.46,45.53
2025-05-27,NYSE:HNI,47.26,45.6,46.25,47.16
2025-05-28,NYSE:HNI,47.32,46.37,47.22,46.47
2025-05-29,NYSE:HNI,46.92,46.38,46.67,46.83
2025-05-30,NYSE:HNI,46.955,46.445,46.7,46.53
2025-06-02,NYSE:HNI,46.6799,45.73,46.43,46.14
2025-06-03,NYSE:HNI,47.745,46.06,46.27,47.26
2025-06-04,NYSE:HNI,47.385,46.835,47.26,46.95
2025-06-05,NYSE:HNI,47.0,46.345,46.88,46.61
2025-06-06,NYSE:HNI,47.32,46.33,47.32,46.69
2025-06-09,NYSE:HNI,48.085,46.675,47.09,47.94
2025-06-10,NYSE:HNI,48.76,48.235,48.29,48.39
2025-06-11,NYSE:HNI,48.73,47.82,48.43,47.9
2025-06-12,NYSE:HNI,47.95,47.28,47.58,47.84
2025-06-13,NYSE:HNI,47.32,46.26,47.07,46.37
2025-06-16,NYSE:HNI,47.27,46.45,46.95,47.19
2025-06-17,NYSE:HNI,47.35,46.71,46.71,46.81
2025-06-18,NYSE:HNI,47.58,46.82,46.82,46.88
2025-06-20,NYSE:HNI,47.19,46.075,47.12,46.4
2025-01-15,NYSE:PBR,13.84,13.5801,13.7,13.8
2025-01-16,NYSE:PBR,13.88,13.67,13.75,13.78
2025-01-17,NYSE:PBR,13.92,13.66,13.78,13.72
2025-01-21,NYSE:PBR,13.84,13.57,13.66,13.81
2025-01-22,NYSE:PBR,14.065,13.855,13.98,13.87
2025-01-23,NYSE:PBR,14.01,13.74,14.01,13.8
2025-01-24,NYSE:PBR,13.84,13.68,13.75,13.73
2025-01-27,NYSE:PBR,13.96,13.69,13.8,13.88
2025-01-28,NYSE:PBR,14.01,13.78,13.95,13.95
2025-01-29,NYSE:PBR,13.98,13.79,13.82,13.89
2025-01-30,NYSE:PBR,14.1752,13.77,13.77,14.13
2025-01-31,NYSE:PBR,14.56,14.14,14.25,14.21
2025-02-03,NYSE:PBR,14.25,13.99,14.01,14.22
2025-02-04,NYSE:PBR,14.23,13.9711,13.98,14.13
2025-02-05,NYSE:PBR,14.03,13.88,13.99,13.92
2025-02-06,NYSE:PBR,14.06,13.83,14.0,13.87
2025-02-07,NYSE:PBR,13.93,13.615,13.91,13.72
2025-02-10,NYSE:PBR,13.96,13.795,13.82,13.89
2025-02-11,NYSE:PBR,14.0,13.7911,14.0,14.0
2025-02-12,NYSE:PBR,13.86,13.62,13.8,13.69
2025-02-13,NYSE:PBR,13.745,13.49,13.5,13.71
2025-02-14,NYSE:PBR,14.45,13.92,13.95,14.32
2025-02-18,NYSE:PBR,14.85,14.56,14.58,14.76
2025-02-19,NYSE:PBR,14.98,14.76,14.76,14.83
2025-02-20,NYSE:PBR,14.98,14.7806,14.87,14.92
2025-02-21,NYSE:PBR,14.95,14.71,14.905,14.76
2025-02-24,NYSE:PBR,14.775,14.5,14.76,14.55
2025-02-25,NYSE:PBR,14.6699,14.38,14.63,14.44
2025-02-26,NYSE:PBR,14.42,14.265,14.4,14.32
2025-02-27,NYSE:PBR,13.715,12.905,13.66,13.51
2025-02-28,NYSE:PBR,13.53,13.195,13.265,13.35
2025-03-03,NYSE:PBR,13.73,13.06,13.44,13.14
2025-03-04,NYSE:PBR,13.09,12.69,13.04,12.96
2025-03-05,NYSE:PBR,13.15,12.76,13.075,12.97
2025-03-06,NYSE:PBR,13.0,12.79,12.96,12.85
2025-03-07,NYSE:PBR,13.04,12.78,12.85,12.97
2025-03-10,NYSE:PBR,12.91,12.62,12.87,12.78
2025-03-11,NYSE:PBR,12.82,12.45,12.76,12.61
2025-03-12,NYSE:PBR,12.74,12.51,12.59,12.67
2025-03-13,NYSE:PBR,12.9,12.615,12.67,12.73
2025-03-14,NYSE:PBR,13.5,12.84,12.87,13.43
2025-03-17,NYSE:PBR,13.99,13.52,13.57,13.9
2025-03-18,NYSE:PBR,13.945,13.77,13.93,13.88
2025-03-19,NYSE:PBR,14.12,13.845,13.88,14.03
2025-03-20,NYSE:PBR,14.3,13.83,13.97,14.03
2025-03-21,NYSE:PBR,14.3,13.9117,13.99,14.16
2025-03-24,NYSE:PBR,14.16,13.9,14.05,13.97
2025-03-25,NYSE:PBR,14.6,14.08,14.08,14.27
2025-03-26,NYSE:PBR,14.48,14.2907,14.305,14.33
2025-03-27,NYSE:PBR,14.5581,14.3,14.3,14.39
2025-03-28,NYSE:PBR,14.51,14.13,14.43,14.38
2025-03-31,NYSE:PBR,14.53,14.18,14.32,14.34
2025-04-01,NYSE:PBR,14.89,14.365,14.38,14.46
2025-04-02,NYSE:PBR,14.43,14.27,14.35,14.39
2025-04-03,NYSE:PBR,14.2,13.94,13.97,14.01
2025-04-04,NYSE:PBR,13.185,12.5401,13.185,13.13
2025-04-07,NYSE:PBR,12.885,12.0,12.59,12.01
2025-04-08,NYSE:PBR,12.385,11.37,12.385,11.46
2025-04-09,NYSE:PBR,12.33,11.0329,11.12,12.21
2025-04-10,NYSE:PBR,11.89,11.22,11.76,11.3
2025-04-11,NYSE:PBR,11.67,11.09,11.27,11.56
2025-04-14,NYSE:PBR,11.95,11.42,11.95,11.59
2025-04-15,NYSE:PBR,11.665,11.27,11.58,11.27
2025-04-16,NYSE:PBR,11.43,11.19,11.37,11.22
2025-04-17,NYSE:PBR,11.79,11.335,11.34,11.62
2025-04-21,NYSE:PBR,11.57,11.31,11.56,11.51
2025-04-22,NYSE:PBR,11.62,11.26,11.32,11.49
2025-04-23,NYSE:PBR,11.83,11.41,11.71,11.47
2025-04-24,NYSE:PBR,11.585,11.235,11.58,11.42
2025-04-25,NYSE:PBR,11.58,11.3019,11.35,11.48
2025-04-28,NYSE:PBR,11.645,11.4,11.52,11.51
2025-04-29,NYSE:PBR,11.65,11.38,11.46,11.52
2025-04-30,NYSE:PBR,11.45,11.205,11.43,11.29
2025-05-01,NYSE:PBR,11.48,11.18,11.225,11.35
2025-05-02,NYSE:PBR,11.64,11.315,11.44,11.61
2025-05-05,NYSE:PBR,11.53,11.17,11.53,11.2
2025-05-06,NYSE:PBR,11.4,11.22,11.35,11.3
2025-05-07,NYSE:PBR,11.36,11.18,11.26,11.32
2025-05-08,NYSE:PBR,11.75,11.445,11.5,11.65
2025-05-09,NYSE:PBR,11.83,11.62,11.72,11.8
2025-05-12,NYSE:PBR,12.19,11.97,12.16,12.07
2025-05-13,NYSE:PBR,12.32,11.95,12.03,12.19
2025-05-14,NYSE:PBR,12.22,11.98,12.1,12.15
2025-05-15,NYSE:PBR,12.12,11.97,12.06,12.05
2025-05-16,NYSE:PBR,12.1,11.825,12.08,12.02
2025-05-19,NYSE:PBR,12.1,11.9,11.92,12.04
2025-05-20,NYSE:PBR,12.175,11.97,12.16,12.02
2025-05-21,NYSE:PBR,12.1,11.9,12.07,11.91
2025-05-22,NYSE:PBR,12.0,11.67,11.84,11.81
2025-05-23,NYSE:PBR,11.855,11.56,11.59,11.84
2025-05-27,NYSE:PBR,11.96,11.88,11.94,11.92
2025-05-28,NYSE:PBR,11.945,11.7,11.94,11.73
2025-05-29,NYSE:PBR,11.765,11.61,11.73,11.72
2025-05-30,NYSE:PBR,11.69,11.5101,11.665,11.54
2025-06-02,NYSE:PBR,11.78,11.54,11.75,11.61
2025-06-03,NYSE:PBR,11.76,11.26,11.37,11.7
2025-06-04,NYSE:PBR,11.585,11.11,11.48,11.11
2025-06-05,NYSE:PBR,11.27,11.12,11.27,11.16
2025-06-06,NYSE:PBR,11.37,11.16,11.16,11.32
2025-06-09,NYSE:PBR,11.3,11.035,11.07,11.23
2025-06-10,NYSE:PBR,11.67,11.32,11.33,11.61
2025-06-11,NYSE:PBR,12.09,11.7,11.8,12.07
2025-06-12,NYSE:PBR,12.42,12.0,12.02,12.4
2025-06-13,NYSE:PBR,12.81,12.52,12.7,12.7
2025-06-16,NYSE:PBR,12.98,12.66,12.7,12.74
2025-06-17,NYSE:PBR,13.225,12.9,12.93,13.07
2025-06-18,NYSE:PBR,13.22,12.94,13.13,13.0
2025-06-20,NYSE:PBR,13.225,13.0106,13.03,13.07
2025-01-15,NYSE:IX,103.24,101.87,103.22,102.8
2025-01-16,NYSE:IX,103.2799,102.3566,102.56,102.74
2025-01-17,NYSE:IX,104.24,103.29,103.52,103.55
2025-01-21,NYSE:IX,106.315,105.19,105.41,105.98
2025-01-22,NYSE:IX,106.31,105.53,106.18,105.96
2025-01-23,NYSE:IX,106.75,105.62,105.62,106.39
2025-01-24,NYSE:IX,106.305,105.17,105.4,105.74
2025-01-27,NYSE:IX,106.27,105.595,105.93,106.01
2025-01-28,NYSE:IX,107.46,105.935,106.14,106.72
2025-01-29,NYSE:IX,107.0299,106.11,106.25,106.3
2025-01-30,NYSE:IX,107.82,106.94,106.94,107.42
2025-01-31,NYSE:IX,107.0863,105.65,106.74,105.79
2025-02-03,NYSE:IX,106.1,104.6,104.69,105.54
2025-02-04,NYSE:IX,105.43,104.17,104.17,105.09
2025-02-05,NYSE:IX,106.05,105.02,105.08,106.05
2025-02-06,NYSE:IX,106.99,106.485,106.55,106.8
2025-02-07,NYSE:IX,107.0632,105.81,106.75,105.95
2025-02-10,NYSE:IX,107.285,104.99,105.0,106.41
2025-02-11,NYSE:IX,106.45,105.08,105.08,105.84
2025-02-12,NYSE:IX,100.64,99.65,100.25,100.21
2025-02-13,NYSE:IX,103.41,101.92,102.24,103.1
2025-02-14,NYSE:IX,103.625,102.9105,103.55,103.2
2025-02-18,NYSE:IX,102.525,101.561,102.5,102.03
2025-02-19,NYSE:IX,101.94,100.965,101.42,101.42
2025-02-20,NYSE:IX,102.0225,100.83,101.86,101.68
2025-02-21,NYSE:IX,101.3548,99.59,101.25,99.9
2025-02-24,NYSE:IX,100.35,99.32,100.24,99.78
2025-02-25,NYSE:IX,102.39,101.25,102.16,101.65
2025-02-26,NYSE:IX,103.4959,102.33,103.14,103.04
2025-02-27,NYSE:IX,103.9108,102.215,102.92,102.31
2025-02-28,NYSE:IX,20.5,20.01,20.37,20.44
2025-03-03,NYSE:IX,21.14,20.73,20.9,20.76
2025-03-04,NYSE:IX,21.13,20.63,20.86,20.88
2025-03-05,NYSE:IX,21.39,21.04,21.04,21.26
2025-03-06,NYSE:IX,21.25,20.91,21.25,20.91
2025-03-07,NYSE:IX,21.25,20.99,21.11,21.21
2025-03-10,NYSE:IX,21.19,20.72,21.16,20.75
2025-03-11,NYSE:IX,20.97,20.6,20.9,20.75
2025-03-12,NYSE:IX,20.9,20.59,20.61,20.83
2025-03-13,NYSE:IX,21.0499,20.83,20.84,20.91
2025-03-14,NYSE:IX,21.2869,20.99,21.03,21.24
2025-03-17,NYSE:IX,21.645,21.26,21.26,21.56
2025-03-18,NYSE:IX,21.45,21.22,21.38,21.39
2025-03-19,NYSE:IX,21.84,21.54,21.54,21.72
2025-03-20,NYSE:IX,21.7,21.46,21.46,21.65
2025-03-21,NYSE:IX,21.715,21.56,21.58,21.66
2025-03-24,NYSE:IX,21.8,21.6301,21.8,21.68
2025-03-25,NYSE:IX,21.72,21.57,21.69,21.72
2025-03-26,NYSE:IX,21.57,21.41,21.56,21.5
2025-03-27,NYSE:IX,21.79,21.46,21.5,21.67
2025-03-28,NYSE:IX,21.51,21.1,21.44,21.18
2025-03-31,NYSE:IX,20.93,20.68,20.85,20.89
2025-04-01,NYSE:IX,20.91,20.63,20.74,20.83
2025-04-02,NYSE:IX,21.02,20.67,20.67,20.98
2025-04-03,NYSE:IX,20.51,20.231,20.51,20.32
2025-04-04,NYSE:IX,19.315,18.73,19.23,18.83
2025-04-07,NYSE:IX,19.125,17.8601,17.95,18.5
2025-04-08,NYSE:IX,19.2,18.08,19.07,18.25
2025-04-09,NYSE:IX,19.47,17.75,17.925,19.34
2025-04-10,NYSE:IX,19.17,18.33,19.17,18.75
2025-04-11,NYSE:IX,18.8299,18.22,18.63,18.7
2025-04-14,NYSE:IX,19.17,18.88,18.88,19.12
2025-04-15,NYSE:IX,19.3092,19.08,19.16,19.09
2025-04-16,NYSE:IX,19.56,18.99,19.2,19.04
2025-04-17,NYSE:IX,19.82,19.52,19.52,19.72
2025-04-21,NYSE:IX,19.83,19.32,19.59,19.52
2025-04-22,NYSE:IX,20.05,19.81,19.86,19.9
2025-04-23,NYSE:IX,20.3,19.87,20.09,20.12
2025-04-24,NYSE:IX,20.32,20.07,20.11,20.3
2025-04-25,NYSE:IX,20.08,19.8,19.99,20.0
2025-04-28,NYSE:IX,20.17,19.84,19.95,20.16
2025-04-29,NYSE:IX,20.28,20.08,20.08,20.22
2025-04-30,NYSE:IX,20.07,19.7908,19.94,20.06
2025-05-01,NYSE:IX,20.26,20.07,20.08,20.08
2025-05-02,NYSE:IX,20.14,19.97,20.02,20.12
2025-05-05,NYSE:IX,20.3395,20.12,20.21,20.21
2025-05-06,NYSE:IX,20.34,20.04,20.13,20.23
2025-05-07,NYSE:IX,20.12,19.93,20.12,20.0
2025-05-08,NYSE:IX,20.1,19.92,20.0,19.96
2025-05-09,NYSE:IX,20.21,20.08,20.18,20.11
2025-05-12,NYSE:IX,20.61,20.2,20.52,20.51
2025-05-13,NYSE:IX,20.14,19.9,20.14,20.07
2025-05-14,NYSE:IX,20.35,20.1226,20.22,20.26
2025-05-15,NYSE:IX,20.6,20.38,20.38,20.55
2025-05-16,NYSE:IX,20.58,20.45,20.53,20.54
2025-05-19,NYSE:IX,20.52,20.35,20.38,20.52
2025-05-20,NYSE:IX,20.54,20.4,20.46,20.48
2025-05-21,NYSE:IX,20.79,20.55,20.7,20.56
2025-05-22,NYSE:IX,20.625,20.505,20.53,20.57
2025-05-23,NYSE:IX,20.6,20.365,20.4,20.54
2025-05-27,NYSE:IX,21.33,20.95,20.95,21.31
2025-05-28,NYSE:IX,21.03,20.93,21.01,20.96
2025-05-29,NYSE:IX,21.22,21.0301,21.16,21.18
2025-05-30,NYSE:IX,21.27,21.1,21.22,21.26
2025-06-02,NYSE:IX,21.28,21.17,21.27,21.26
2025-06-03,NYSE:IX,21.495,21.33,21.33,21.46
2025-06-04,NYSE:IX,21.47,21.33,21.4,21.37
2025-06-05,NYSE:IX,21.22,21.055,21.19,21.21
2025-06-06,NYSE:IX,21.41,21.24,21.24,21.41
2025-06-09,NYSE:IX,21.59,21.47,21.51,21.54
2025-06-10,NYSE:IX,21.65,21.565,21.65,21.6
2025-06-11,NYSE:IX,21.62,21.49,21.61,21.53
2025-06-12,NYSE:IX,21.88,21.68,21.7,21.88
2025-06-13,NYSE:IX,21.71,21.53,21.64,21.63
2025-06-16,NYSE:IX,21.83,21.59,21.69,21.6
2025-06-17,NYSE:IX,21.35,21.14,21.35,21.19
2025-06-18,NYSE:IX,21.4195,21.26,21.35,21.31
2025-06-20,NYSE:IX,21.33,21.19,21.29,21.25
2025-01-15,NYSE:GCI,5.205,5.05,5.12,5.12
2025-01-16,NYSE:GCI,5.18,4.97,5.12,5.01
2025-01-17,NYSE:GCI,5.16,4.96,5.14,4.98
2025-01-21,NYSE:GCI,5.1,4.81,5.03,4.84
2025-01-22,NYSE:GCI,4.9,4.65,4.83,4.76
2025-01-23,NYSE:GCI,4.825,4.63,4.72,4.79
2025-01-24,NYSE:GCI,4.865,4.71,4.79,4.75
2025-01-27,NYSE:GCI,4.8,4.53,4.69,4.56
2025-01-28,NYSE:GCI,4.71,4.545,4.58,4.59
2025-01-29,NYSE:GCI,4.665,4.525,4.6,4.58
2025-01-30,NYSE:GCI,4.74,4.61,4.68,4.64
2025-01-31,NYSE:GCI,4.66,4.485,4.64,4.52
2025-02-03,NYSE:GCI,4.505,4.3,4.4,4.44
2025-02-04,NYSE:GCI,4.7307,4.4399,4.45,4.6
2025-02-05,NYSE:GCI,4.67,4.455,4.63,4.56
2025-02-06,NYSE:GCI,4.71,4.515,4.59,4.71
2025-02-07,NYSE:GCI,4.795,4.61,4.72,4.66
2025-02-10,NYSE:GCI,4.8,4.625,4.71,4.67
2025-02-11,NYSE:GCI,4.78,4.64,4.65,4.68
2025-02-12,NYSE:GCI,4.705,4.555,4.58,4.67
2025-02-13,NYSE:GCI,4.91,4.68,4.74,4.88
2025-02-14,NYSE:GCI,5.08,4.88,4.96,4.95
2025-02-18,NYSE:GCI,4.985,4.71,4.97,4.79
2025-02-19,NYSE:GCI,4.83,4.69,4.69,4.8
2025-02-20,NYSE:GCI,4.815,4.31,4.66,4.62
2025-02-21,NYSE:GCI,4.7,4.29,4.64,4.3
2025-02-24,NYSE:GCI,4.35,4.045,4.35,4.05
2025-02-25,NYSE:GCI,4.195,3.948,4.06,4.04
2025-02-26,NYSE:GCI,4.145,3.945,4.02,4.01
2025-02-27,NYSE:GCI,4.08,3.925,4.02,3.94
2025-02-28,NYSE:GCI,4.05,3.9064,3.96,4.04
2025-03-03,NYSE:GCI,4.09,3.73,4.08,3.75
2025-03-04,NYSE:GCI,3.84,3.555,3.66,3.73
2025-03-05,NYSE:GCI,3.76,3.645,3.72,3.7
2025-03-06,NYSE:GCI,3.6625,3.54,3.61,3.54
2025-03-07,NYSE:GCI,3.55,3.455,3.52,3.47
2025-03-10,NYSE:GCI,3.45,3.2,3.39,3.21
2025-03-11,NYSE:GCI,3.35,3.095,3.24,3.28
2025-03-12,NYSE:GCI,3.35,3.12,3.35,3.2
2025-03-13,NYSE:GCI,3.19,2.97,3.17,3.0
2025-03-14,NYSE:GCI,3.135,2.99,3.03,3.09
2025-03-17,NYSE:GCI,3.18,3.04,3.08,3.07
2025-03-18,NYSE:GCI,3.05,2.91,3.03,3.02
2025-03-19,NYSE:GCI,3.32,2.9925,3.02,3.2
2025-03-20,NYSE:GCI,3.195,3.06,3.13,3.14
2025-03-21,NYSE:GCI,3.11,3.04,3.08,3.06
2025-03-24,NYSE:GCI,3.18,3.065,3.14,3.15
2025-03-25,NYSE:GCI,3.15,3.065,3.14,3.11
2025-03-26,NYSE:GCI,3.15,3.005,3.15,3.09
2025-03-27,NYSE:GCI,3.1,2.998,3.09,3.06
2025-03-28,NYSE:GCI,3.05,2.915,3.05,2.94
2025-03-31,NYSE:GCI,2.96,2.87,2.9,2.89
2025-04-01,NYSE:GCI,3.05,2.855,2.89,3.02
2025-04-02,NYSE:GCI,3.285,2.93,2.95,3.25
2025-04-03,NYSE:GCI,3.09,2.88,3.04,2.99
2025-04-04,NYSE:GCI,2.885,2.73,2.84,2.84
2025-04-07,NYSE:GCI,2.945,2.65,2.66,2.72
2025-04-08,NYSE:GCI,2.9,2.61,2.86,2.64
2025-04-09,NYSE:GCI,3.01,2.55,2.55,2.94
2025-04-10,NYSE:GCI,2.86,2.655,2.8,2.73
2025-04-11,NYSE:GCI,2.72,2.605,2.7,2.67
2025-04-14,NYSE:GCI,2.85,2.69,2.74,2.84
2025-04-15,NYSE:GCI,2.91,2.79,2.84,2.88
2025-04-16,NYSE:GCI,3.0,2.86,2.86,2.96
2025-04-17,NYSE:GCI,3.79,2.97,2.98,3.54
2025-04-21,NYSE:GCI,3.57,3.375,3.5,3.47
2025-04-22,NYSE:GCI,3.56,3.4,3.55,3.47
2025-04-23,NYSE:GCI,3.66,3.41,3.64,3.46
2025-04-24,NYSE:GCI,3.51,3.395,3.51,3.44
2025-04-25,NYSE:GCI,3.5,3.36,3.4,3.48
2025-04-28,NYSE:GCI,3.525,3.4101,3.48,3.42
2025-04-29,NYSE:GCI,3.44,3.385,3.4,3.41
2025-04-30,NYSE:GCI,3.36,3.19,3.36,3.2
2025-05-01,NYSE:GCI,3.33,2.955,3.2,3.09
2025-05-02,NYSE:GCI,3.305,3.12,3.15,3.18
2025-05-05,NYSE:GCI,3.32,3.08,3.12,3.23
2025-05-06,NYSE:GCI,3.235,3.145,3.15,3.15
2025-05-07,NYSE:GCI,3.55,3.24,3.46,3.31
2025-05-08,NYSE:GCI,3.58,3.29,3.35,3.52
2025-05-09,NYSE:GCI,3.72,3.49,3.61,3.71
2025-05-12,NYSE:GCI,4.07,3.695,3.98,3.71
2025-05-13,NYSE:GCI,3.76,3.67,3.74,3.71
2025-05-14,NYSE:GCI,3.785,3.65,3.69,3.71
2025-05-15,NYSE:GCI,3.7,3.495,3.69,3.54
2025-05-16,NYSE:GCI,3.615,3.485,3.55,3.6
2025-05-19,NYSE:GCI,3.55,3.495,3.53,3.51
2025-05-20,NYSE:GCI,3.62,3.48,3.49,3.6
2025-05-21,NYSE:GCI,3.605,3.49,3.51,3.49
2025-05-22,NYSE:GCI,3.485,3.35,3.45,3.41
2025-05-23,NYSE:GCI,3.445,3.31,3.34,3.42
2025-05-27,NYSE:GCI,3.545,3.465,3.49,3.48
2025-05-28,NYSE:GCI,3.49,3.38,3.47,3.43
2025-05-29,NYSE:GCI,3.535,3.38,3.5,3.47
2025-05-30,NYSE:GCI,3.575,3.42,3.48,3.54
2025-06-02,NYSE:GCI,3.54,3.34,3.53,3.45
2025-06-03,NYSE:GCI,3.55,3.38,3.45,3.49
2025-06-04,NYSE:GCI,3.75,3.46,3.51,3.5
2025-06-05,NYSE:GCI,3.65,3.47,3.51,3.54
2025-06-06,NYSE:GCI,3.6599,3.525,3.61,3.57
2025-06-09,NYSE:GCI,3.65,3.52,3.6,3.56
2025-06-10,NYSE:GCI,3.59,3.45,3.59,3.52
2025-06-11,NYSE:GCI,3.72,3.545,3.59,3.59
2025-06-12,NYSE:GCI,3.58,3.5,3.54,3.52
2025-06-13,NYSE:GCI,3.48,3.4,3.43,3.4
2025-06-16,NYSE:GCI,3.5,3.395,3.45,3.41
2025-06-17,NYSE:GCI,3.54,3.33,3.37,3.44
2025-06-18,NYSE:GCI,3.47,3.375,3.38,3.42
2025-06-20,NYSE:GCI,3.5,3.29,3.46,3.29
2025-01-15,NYSE:STC,63.16,61.97,62.87,62.5
2025-01-16,NYSE:STC,65.03,62.8,62.92,64.69
2025-01-17,NYSE:STC,65.62,64.9,65.1,65.08
2025-01-21,NYSE:STC,66.335,65.015,65.68,65.31
2025-01-22,NYSE:STC,65.27,64.33,65.05,64.53
2025-01-23,NYSE:STC,64.75,63.835,64.24,63.96
2025-01-24,NYSE:STC,64.5,63.36,63.66,64.23
2025-01-27,NYSE:STC,66.18,64.65,64.65,65.69
2025-01-28,NYSE:STC,65.93,64.79,65.19,64.81
2025-01-29,NYSE:STC,65.405,63.995,64.65,64.27
2025-01-30,NYSE:STC,66.135,64.76,64.95,65.47
2025-01-31,NYSE:STC,66.37,64.68,65.38,65.19
2025-02-03,NYSE:STC,65.29,63.46,64.09,64.61
2025-02-04,NYSE:STC,64.89,64.09,64.69,64.59
2025-02-05,NYSE:STC,65.91,64.17,65.0,65.7
2025-02-06,NYSE:STC,68.315,65.5,65.6,68.27
2025-02-07,NYSE:STC,67.89,65.75,67.89,67.24
2025-02-10,NYSE:STC,67.904,65.805,67.34,66.71
2025-02-11,NYSE:STC,67.95,66.195,66.48,67.95
2025-02-12,NYSE:STC,67.38,65.82,67.0,67.32
2025-02-13,NYSE:STC,68.47,67.01,68.05,68.47
2025-02-14,NYSE:STC,69.145,67.63,68.85,68.54
2025-02-18,NYSE:STC,68.7,67.41,68.43,68.53
2025-02-19,NYSE:STC,68.9069,67.68,67.97,68.59
2025-02-20,NYSE:STC,68.72,67.82,68.34,68.45
2025-02-21,NYSE:STC,69.55,68.13,69.55,68.95
2025-02-24,NYSE:STC,70.66,68.33,69.13,69.63
2025-02-25,NYSE:STC,72.23,69.93,69.93,70.96
2025-02-26,NYSE:STC,71.27,70.0,70.64,70.69
2025-02-27,NYSE:STC,70.86,69.415,70.84,69.73
2025-02-28,NYSE:STC,71.36,69.77,70.11,71.2
2025-03-03,NYSE:STC,71.95,70.0516,70.95,70.35
2025-03-04,NYSE:STC,70.32,68.81,69.98,68.83
2025-03-05,NYSE:STC,71.02,68.4,68.59,70.73
2025-03-06,NYSE:STC,70.95,68.84,70.25,69.25
2025-03-07,NYSE:STC,70.1313,67.97,69.68,68.84
2025-03-10,NYSE:STC,69.44,66.89,68.53,67.38
2025-03-11,NYSE:STC,71.2,66.7,67.67,70.7
2025-03-12,NYSE:STC,71.39,69.09,70.74,70.96
2025-03-13,NYSE:STC,72.52,69.4285,71.43,70.74
2025-03-14,NYSE:STC,71.76,70.5,70.97,71.62
2025-03-17,NYSE:STC,71.51,70.41,70.7,71.41
2025-03-18,NYSE:STC,71.695,70.48,71.37,70.64
2025-03-19,NYSE:STC,71.2971,69.7,70.7,70.38
2025-03-20,NYSE:STC,71.67,70.135,70.38,70.92
2025-03-21,NYSE:STC,71.65,69.94,70.34,70.24
2025-03-24,NYSE:STC,72.01,70.919,71.29,72.0
2025-03-25,NYSE:STC,72.5,71.33,72.0,72.01
2025-03-26,NYSE:STC,72.57,71.0105,72.13,71.52
2025-03-27,NYSE:STC,72.8799,71.1,71.96,72.6
2025-03-28,NYSE:STC,72.72,71.105,72.72,71.67
2025-03-31,NYSE:STC,72.1,70.575,70.95,71.35
2025-04-01,NYSE:STC,72.6,70.73,71.57,71.7
2025-04-02,NYSE:STC,72.81,71.07,71.07,72.65
2025-04-03,NYSE:STC,71.0,69.41,69.82,69.56
2025-04-04,NYSE:STC,68.38,65.97,67.37,67.08
2025-04-07,NYSE:STC,68.47,63.16,64.99,64.06
2025-04-08,NYSE:STC,66.5,63.24,65.54,64.1
2025-04-09,NYSE:STC,68.018,61.7114,63.92,66.71
2025-04-10,NYSE:STC,66.915,64.47,65.22,65.66
2025-04-11,NYSE:STC,65.28,63.37,65.18,65.09
2025-04-14,NYSE:STC,67.1,65.387,65.55,66.55
2025-04-15,NYSE:STC,67.63,66.16,66.16,66.26
2025-04-16,NYSE:STC,66.73,64.8,66.26,65.16
2025-04-17,NYSE:STC,66.27,64.99,65.36,65.28
2025-04-21,NYSE:STC,65.03,63.41,65.03,64.0
2025-04-22,NYSE:STC,65.99,63.53,64.28,65.78
2025-04-23,NYSE:STC,67.45,66.14,67.17,66.76
2025-04-24,NYSE:STC,65.96,62.25,62.25,65.51
2025-04-25,NYSE:STC,65.76,63.55,65.47,64.69
2025-04-28,NYSE:STC,65.37,63.81,64.45,64.96
2025-04-29,NYSE:STC,65.3,64.19,64.6,65.2
2025-04-30,NYSE:STC,65.79,63.42,64.96,65.48
2025-05-01,NYSE:STC,65.68,64.545,65.37,65.06
2025-05-02,NYSE:STC,67.01,65.245,65.56,66.97
2025-05-05,NYSE:STC,66.665,65.3877,66.32,65.68
2025-05-06,NYSE:STC,65.7,64.555,65.36,64.98
2025-05-07,NYSE:STC,66.07,64.09,65.04,64.49
2025-05-08,NYSE:STC,65.26,63.96,64.46,64.54
2025-05-09,NYSE:STC,64.84,63.4601,64.84,63.74
2025-05-12,NYSE:STC,65.01,63.9708,64.94,64.73
2025-05-13,NYSE:STC,65.38,64.785,65.1,65.38
2025-05-14,NYSE:STC,65.75,64.21,65.19,64.91
2025-05-15,NYSE:STC,66.08,65.01,65.01,66.04
2025-05-16,NYSE:STC,66.77,65.6783,66.27,66.39
2025-05-19,NYSE:STC,66.39,65.35,65.79,66.02
2025-05-20,NYSE:STC,66.12,64.5,65.97,64.63
2025-05-21,NYSE:STC,64.073,61.33,63.8,62.11
2025-05-22,NYSE:STC,62.13,60.41,61.84,60.82
2025-05-23,NYSE:STC,60.945,59.47,60.34,60.74
2025-05-27,NYSE:STC,62.22,60.21,61.31,61.66
2025-05-28,NYSE:STC,61.465,59.54,61.4,59.94
2025-05-29,NYSE:STC,60.5,59.43,60.23,60.18
2025-05-30,NYSE:STC,60.66,59.25,60.3,60.34
2025-06-02,NYSE:STC,60.23,58.64,60.11,59.82
2025-06-03,NYSE:STC,60.63,58.75,59.76,60.57
2025-06-04,NYSE:STC,61.0122,60.03,60.48,60.12
2025-06-05,NYSE:STC,60.995,59.795,60.1,60.85
2025-06-06,NYSE:STC,61.87,60.9029,61.62,61.47
2025-06-09,NYSE:STC,62.0,60.68,61.67,61.61
2025-06-10,NYSE:STC,62.34,61.47,61.82,62.13
2025-06-11,NYSE:STC,63.605,62.02,62.22,62.99
2025-06-12,NYSE:STC,64.35,62.62,62.91,64.29
2025-06-13,NYSE:STC,64.33,62.62,63.53,62.73
2025-06-16,NYSE:STC,62.87,60.34,62.87,61.14
2025-06-17,NYSE:STC,61.82,60.08,60.51,60.13
2025-06-18,NYSE:STC,62.64,60.17,60.17,62.32
2025-06-20,NYSE:STC,63.41,62.305,62.68,62.78
