date,ticker,high,low,open,close,split_coefficient,volume
2026-06-22,NYSE:DD,48.33,47.3,47.31,48.19,1.0,4998196
2026-06-23,NYSE:DD,47.88,46.59,47.43,46.67,1.0,3534925
2026-06-24,NYSE:DD,144.845,136.77,144.75,137.82,0.3333333333333333,1951058
2026-06-25,NYSE:DD,141.22,135.89,139.53,137.8,1.0,1765315
2026-06-26,NYSE:DD,137.22,131.141,136.35,137.22,1.0,2864529
2026-06-29,NYSE:DD,136.19,132.13,135.77,135.74,1.0,1913091
2026-06-30,NYSE:DD,136.6,134.8,136.31,135.64,1.0,1644841
2026-07-01,NYSE:DD,139.69,134.4,134.87,138.47,1.0,1405478
2026-07-02,NYSE:DD,141.16,138.78,139.92,139.91,1.0,1229128
2026-07-06,NYSE:DD,141.99,139.87,140.43,141.05,1.0,1295480
2026-07-07,NYSE:DD,140.93,137.76,140.21,139.61,1.0,1417575
2026-07-08,NYSE:DD,138.035,133.725,137.77,136.97,1.0,1322498
2026-07-09,NYSE:DD,138.5999,134.51,138.14,134.79,1.0,1375441
2026-07-10,NYSE:DD,136.18,134.12,135.04,134.68,1.0,1045912
2026-07-13,NYSE:DD,135.9,131.99,135.0,132.66,1.0,986078
2026-07-14,NYSE:DD,135.335,133.08,133.98,134.17,1.0,741687
2026-07-15,NYSE:DD,135.625,132.7601,134.17,134.86,1.0,1081439
2026-07-16,NYSE:DD,135.16,132.34,133.58,134.29,1.0,1170647
2026-07-17,NYSE:DD,135.8,132.34,132.77,135.29,1.0,1308516
2026-07-20,NYSE:DD,138.465,134.91,135.89,135.75,1.0,1327013
2026-07-21,NYSE:DD,139.53,135.52,137.0,138.79,1.0,1437523
2026-07-22,NYSE:DD,142.1778,138.8,138.8,139.64,1.0,1030147
2026-07-23,NYSE:DD,139.89,136.1,138.44,137.4,1.0,1245429
2026-07-24,NYSE:DD,138.94,137.075,137.81,137.7,1.0,796234
2026-07-27,NYSE:DD,140.03,137.44,138.73,139.96,1.0,1079389
2026-07-28,NYSE:DD,142.67,139.49,140.47,140.77,1.0,1338859
2026-07-29,NYSE:DD,141.08,136.4,141.08,138.1,1.0,1463510
2026-07-30,NYSE:DD,140.985,138.34,140.0,138.84,1.0,1689980
2026-07-31,NYSE:DD,139.395,136.58,137.95,137.0,1.0,7537197
2026-08-03,NYSE:DD,141.59,137.18,138.38,141.28,1.0,2019120
2026-08-04,NYSE:DD,143.545,130.19,130.19,142.93,1.0,3279080
2026-08-05,NYSE:DD,147.86,143.31,143.73,147.37,1.0,1533516
2026-08-06,NYSE:DD,149.42,143.33,147.8,144.05,1.0,1859575
2026-08-07,NYSE:DD,146.2,141.79,144.8,142.47,1.0,1367037
2026-08-10,NYSE:DD,142.97,140.31,142.85,141.55,1.0,1337492
2026-08-11,NYSE:DD,146.35,141.34,141.34,144.49,1.0,1189990
2026-08-12,NYSE:DD,144.95,142.1501,144.45,144.37,1.0,1422671
2026-08-13,NYSE:DD,144.84,143.025,144.31,144.1,1.0,908183
2026-08-14,NYSE:DD,146.815,143.105,143.68,146.26,1.0,1108689
2026-08-17,NYSE:DD,146.5,142.71,145.93,143.07,1.0,1567724
2026-08-18,NYSE:DD,142.32,138.5,142.32,138.81,1.0,1291985
2026-08-19,NYSE:DD,141.0,138.9,140.41,139.68,1.0,969123
2026-08-20,NYSE:DD,140.54,138.45,138.51,138.46,1.0,983508
2026-08-21,NYSE:DD,141.0,138.24,139.92,138.33,1.0,1119143
2026-08-24,NYSE:DD,139.055,135.84,138.75,136.67,1.0,1013482
2026-08-25,NYSE:DD,137.71,135.07,137.55,136.04,1.0,1347241
2026-08-26,NYSE:DD,138.22,136.01,136.61,137.98,1.0,914960
2026-08-27,NYSE:DD,139.46,137.5,137.5,138.8,1.0,860257
2026-08-28,NYSE:DD,141.0,135.83,140.0,136.98,1.0,1055518
2026-06-22,NASDAQ:VISN,13.01,12.74,12.78,12.88,1.0,6239770
2026-06-23,NASDAQ:VISN,12.745,12.31,12.375,12.5,1.0,5135538
2026-06-24,NASDAQ:VISN,12.72,12.46,12.5,12.55,1.0,3756359
2026-06-25,NASDAQ:VISN,12.87,12.53,12.78,12.62,1.0,4519697
2026-06-26,NASDAQ:VISN,12.75,12.41,12.45,12.58,1.0,9826468
2026-06-29,NASDAQ:VISN,12.89,12.45,12.56,12.88,1.0,5401842
2026-06-30,NASDAQ:VISN,12.925,12.68,12.73,12.78,1.0,6099062
2026-07-01,NASDAQ:VISN,12.78,12.335,12.78,12.37,1.0,10306312
2026-07-02,NASDAQ:VISN,12.415,11.77,12.29,12.15,1.0,10307105
2026-07-06,NASDAQ:VISN,12.47,12.17,12.27,12.38,1.0,5623643
2026-07-07,NASDAQ:VISN,12.345,11.865,12.29,12.07,1.0,7810635
2026-07-08,NASDAQ:VISN,12.405,11.875,12.0,12.39,1.0,7497462
2026-07-09,NASDAQ:VISN,12.71,12.41,12.59,12.6,1.0,5587405
2026-07-10,NASDAQ:VISN,12.66,12.45,12.648,12.49,1.0,3996297
2026-07-13,NASDAQ:VISN,12.475,12.085,12.39,12.13,1.0,3690445
2026-07-14,NASDAQ:VISN,12.4486,12.05,12.33,12.09,1.0,4742806
2026-07-15,NASDAQ:VISN,12.355,11.925,12.27,12.32,1.0,6716114
2026-07-16,NASDAQ:VISN,12.285,12.035,12.21,12.08,1.0,4690471
2026-07-17,NASDAQ:VISN,12.37,11.92,11.96,12.13,1.0,5473753
2026-07-20,NASDAQ:VISN,12.350999999999999,11.795,12.29,11.91,1.0,7938749
2026-07-21,NASDAQ:VISN,12.5,12.02,12.1,12.48,1.0,4976227
2026-07-22,NASDAQ:VISN,12.38,12.025,12.32,12.08,1.0,4321662
2026-07-23,NASDAQ:VISN,12.09,11.86,11.93,11.94,1.0,3754632
2026-07-24,NASDAQ:VISN,12.2051,11.755,11.92,11.8,1.0,3514587
2026-07-27,NASDAQ:VISN,11.905,11.625,11.87,11.85,1.0,4062081
2026-07-28,NASDAQ:VISN,11.84,11.46,11.73,11.82,1.0,6336224
2026-07-29,NASDAQ:VISN,11.91,11.515,11.84,11.55,1.0,4170307
2026-07-30,NASDAQ:VISN,11.866,11.575,11.79,11.71,1.0,6011404
2026-07-31,NASDAQ:VISN,11.93,11.68,11.85,11.74,1.0,6906655
2026-08-03,NASDAQ:VISN,12.08,11.61,11.77,12.05,1.0,6565267
2026-08-04,NASDAQ:VISN,12.515,12.185,12.24,12.49,1.0,7861158
2026-08-05,NASDAQ:VISN,12.525,12.2825,12.495,12.35,1.0,6453639
2026-08-06,NASDAQ:VISN,11.18,10.06,10.97,10.1,1.0,24195507
2026-08-07,NASDAQ:VISN,10.96,10.18,10.2,10.94,1.0,16667708
2026-08-10,NASDAQ:VISN,11.47,10.68,10.785,11.42,1.0,12177931
2026-08-11,NASDAQ:VISN,11.725,11.26,11.4,11.7,1.0,12840381
2026-08-12,NASDAQ:VISN,11.966,11.5,11.75,11.58,1.0,6941804
2026-08-13,NASDAQ:VISN,11.9,11.255,11.79,11.35,1.0,5802834
2026-08-14,NASDAQ:VISN,11.54,11.3,11.475,11.53,1.0,5036173
2026-08-17,NASDAQ:VISN,11.765,11.51,11.52,11.66,1.0,7060310
2026-08-18,NASDAQ:VISN,11.59,11.18,11.48,11.38,1.0,9531822
2026-08-19,NASDAQ:VISN,11.47,11.105,11.39,11.2,1.0,11998195
2026-08-20,NASDAQ:VISN,11.355,11.125,11.18,11.31,1.0,7456243
2026-08-21,NASDAQ:VISN,11.35,11.065,11.35,11.21,1.0,6465849
2026-08-24,NASDAQ:VISN,11.18,10.82,11.11,10.84,1.0,8270759
2026-08-25,NASDAQ:VISN,11.07,10.755,10.96,11.04,1.0,5755331
2026-08-26,NASDAQ:VISN,11.09,10.895,10.98,11.05,1.0,13119433
2026-08-27,NASDAQ:VISN,11.7,11.33,11.61,11.63,1.0,7603070
2026-08-28,NASDAQ:VISN,6.85,6.0003,6.8,6.06,1.0,29261056
2026-06-22,NYSE:AD,39.43,38.25,38.49,38.77,1.0,247318
2026-06-23,NYSE:AD,38.97,37.5,38.84,37.91,1.0,219215
2026-06-24,NYSE:AD,38.72,36.14,37.97,36.25,1.0,240105
2026-06-25,NYSE:AD,37.16,35.2501,36.31,35.89,1.0,1315434
2026-06-26,NYSE:AD,37.19,35.7607,35.98,37.07,1.0,569518
2026-06-29,NYSE:AD,37.1607,36.0448,37.08,36.37,1.0,449418
2026-06-30,NYSE:AD,36.28,35.12,35.83,36.26,1.0,541741
2026-07-01,NYSE:AD,37.36,36.23,36.23,36.51,1.0,519935
2026-07-02,NYSE:AD,37.3099,35.15,36.98,36.24,1.0,1013435
2026-07-06,NYSE:AD,36.23,34.77,36.01,34.97,1.0,441559
2026-07-07,NYSE:AD,35.57,34.74,35.45,34.88,1.0,256267
2026-07-08,NYSE:AD,35.29,34.37,34.37,34.74,1.0,307060
2026-07-09,NYSE:AD,34.94,34.49,34.53,34.74,1.0,121712
2026-07-10,NYSE:AD,35.04,34.09,35.04,34.65,1.0,138480
2026-07-13,NYSE:AD,34.795,34.0,34.66,34.02,1.0,136238
2026-07-14,NYSE:AD,34.395,33.71,34.33,34.16,1.0,166289
2026-07-15,NYSE:AD,34.9899,34.19,34.24,34.76,1.0,166189
2026-07-16,NYSE:AD,35.15,34.69,34.69,34.93,1.0,155901
2026-07-17,NYSE:AD,35.26,34.615,34.65,35.0,1.0,97895
2026-07-20,NYSE:AD,35.19,34.43,34.77,34.59,1.0,122141
2026-07-21,NYSE:AD,34.68,33.7601,34.43,33.97,1.0,152751
2026-07-22,NYSE:AD,35.02,34.32,34.32,34.71,1.0,135871
2026-07-23,NYSE:AD,34.835,34.0101,34.43,34.18,1.0,236407
2026-07-24,NYSE:AD,35.09,34.51,34.51,34.88,1.0,97470
2026-07-27,NYSE:AD,35.45,34.6,35.12,34.6,1.0,115150
2026-07-28,NYSE:AD,35.4799,34.72,35.03,35.0,1.0,95519
2026-07-29,NYSE:AD,35.71,34.65,34.97,35.13,1.0,124438
2026-07-30,NYSE:AD,35.5,34.605,34.86,34.98,1.0,131395
2026-07-31,NYSE:AD,34.98,34.51,34.7,34.84,1.0,114714
2026-08-03,NYSE:AD,35.69,34.82,35.03,35.0,1.0,235143
2026-08-04,NYSE:AD,35.82,34.83,35.0,35.44,1.0,169026
2026-08-05,NYSE:AD,35.31,34.64,35.01,35.2,1.0,145339
2026-08-06,NYSE:AD,36.04,35.33,35.53,35.65,1.0,164839
2026-08-07,NYSE:AD,36.76,34.9,36.76,35.24,1.0,183603
2026-08-10,NYSE:AD,35.42,35.0,35.24,35.06,1.0,143939
2026-08-11,NYSE:AD,35.43,34.8,35.32,34.85,1.0,134562
2026-08-12,NYSE:AD,35.2,34.85,34.89,35.14,1.0,104010
2026-08-13,NYSE:AD,35.8299,34.81,35.39,35.7,1.0,131023
2026-08-14,NYSE:AD,36.235,35.7,35.94,35.98,1.0,143674
2026-08-17,NYSE:AD,35.965,35.3,35.65,35.36,1.0,106977
2026-08-18,NYSE:AD,36.0,35.0,35.58,35.05,1.0,116822
2026-08-19,NYSE:AD,36.17,34.71,34.85,35.29,1.0,215002
2026-08-20,NYSE:AD,35.91,34.65,34.91,35.54,1.0,255726
2026-08-21,NYSE:AD,36.09,35.32,35.94,35.66,1.0,229516
2026-08-24,NYSE:AD,35.68,35.21,35.48,35.59,1.0,185723
2026-08-25,NYSE:AD,36.1,35.39,35.58,35.86,1.0,174970
2026-08-26,NYSE:AD,36.0,35.31,35.7,35.66,1.0,229585
2026-08-27,NYSE:AD,35.69,34.82,35.63,35.49,1.0,179733
2026-08-28,NYSE:AD,36.48,35.49,35.49,36.0,1.0,209625
2026-06-22,NYSE:AIV,2.915,2.89,2.9,2.9,1.0,1729639
2026-06-23,NYSE:AIV,2.94,2.9015,2.91,2.92,1.0,1771107
2026-06-24,NYSE:AIV,2.95,2.91,2.94,2.92,1.0,1192538
2026-06-25,NYSE:AIV,2.91,2.855,2.9,2.9,1.0,1766103
2026-06-26,NYSE:AIV,2.995,2.905,2.91,2.97,1.0,2792129
2026-06-29,NYSE:AIV,3.0,2.95,2.96,3.0,1.0,1340820
2026-06-30,NYSE:AIV,3.0,2.95,2.98,2.97,1.0,1138381
2026-07-01,NYSE:AIV,2.995,2.95,2.97,2.97,1.0,1592576
2026-07-02,NYSE:AIV,3.01,2.95,2.95,2.96,1.0,1328321
2026-07-06,NYSE:AIV,2.965,2.93,2.96,2.94,1.0,853993
2026-07-07,NYSE:AIV,2.99,2.935,2.96,2.94,1.0,912946
2026-07-08,NYSE:AIV,2.95,2.83,2.94,2.85,1.0,1502844
2026-07-09,NYSE:AIV,2.86,2.79,2.86,2.79,1.0,1679187
2026-07-10,NYSE:AIV,2.83,2.78,2.81,2.8,1.0,1136242
2026-07-13,NYSE:AIV,2.84,2.785,2.82,2.8,1.0,1078547
2026-07-14,NYSE:AIV,2.82,2.77,2.79,2.78,1.0,1044131
2026-07-15,NYSE:AIV,2.8084,2.73,2.77,2.75,1.0,1217508
2026-07-16,NYSE:AIV,2.795,2.74,2.74,2.78,1.0,872399
2026-07-17,NYSE:AIV,2.78,2.71,2.75,2.73,1.0,1387910
2026-07-20,NYSE:AIV,2.76,2.67,2.72,2.67,1.0,1561719
2026-07-21,NYSE:AIV,2.71,2.63,2.67,2.7,1.0,1304199
2026-07-22,NYSE:AIV,2.705,2.62,2.7,2.62,1.0,889911
2026-07-23,NYSE:AIV,2.65,2.59,2.65,2.64,1.0,859852
2026-07-24,NYSE:AIV,2.66,2.635,2.65,2.64,1.0,796026
2026-07-27,NYSE:AIV,2.7,2.62,2.68,2.62,1.0,800808
2026-07-28,NYSE:AIV,2.65,2.6,2.64,2.61,1.0,732417
2026-07-29,NYSE:AIV,2.66,2.6,2.64,2.62,1.0,794504
2026-07-30,NYSE:AIV,2.675,2.605,2.61,2.66,1.0,665780
2026-07-31,NYSE:AIV,2.71,2.65,2.66,2.69,1.0,618043
2026-08-03,NYSE:AIV,2.735,2.69,2.69,2.69,1.0,606398
2026-08-04,NYSE:AIV,2.705,2.66,2.69,2.67,1.0,721309
2026-08-05,NYSE:AIV,2.675,2.635,2.66,2.65,1.0,815056
2026-08-06,NYSE:AIV,2.68,2.62,2.68,2.65,1.0,723040
2026-08-07,NYSE:AIV,2.69,2.64,2.65,2.66,1.0,1039822
2026-08-10,NYSE:AIV,2.665,2.59,2.65,2.62,1.0,1254674
2026-08-11,NYSE:AIV,2.67,2.59,2.64,2.59,1.0,883857
2026-08-12,NYSE:AIV,2.63,2.59,2.63,2.61,1.0,756703
2026-08-13,NYSE:AIV,2.6277,2.595,2.6,2.61,1.0,819833
2026-08-14,NYSE:AIV,2.67,2.595,2.62,2.64,1.0,710771
2026-08-17,NYSE:AIV,2.625,2.59,2.62,2.62,1.0,864145
2026-08-18,NYSE:AIV,2.645,2.615,2.62,2.62,1.0,968127
2026-08-19,NYSE:AIV,2.65,2.61,2.62,2.63,1.0,656086
2026-08-20,NYSE:AIV,2.63,2.595,2.63,2.61,1.0,772389
2026-08-21,NYSE:AIV,2.64,2.61,2.64,2.62,1.0,504749
2026-08-24,NYSE:AIV,2.64,2.59,2.62,2.6,1.0,771515
2026-08-25,NYSE:AIV,2.605,2.57,2.58,2.58,1.0,481849
2026-08-26,NYSE:AIV,2.58,2.52,2.57,2.53,1.0,2230016
2026-08-27,NYSE:AIV,2.54,2.49,2.52,2.51,1.0,1067139
2026-08-28,NYSE:AIV,2.6,2.52,2.52,2.545,1.0,1702061
2026-06-22,NYSE:SITC,4.85,4.69,4.69,4.71,1.0,687809
2026-06-23,NYSE:SITC,4.79,4.695,4.74,4.72,1.0,1131164
2026-06-24,NYSE:SITC,4.825,4.745,4.76,4.77,1.0,450590
2026-06-25,NYSE:SITC,4.8,4.585,4.7,4.59,1.0,599959
2026-06-26,NYSE:SITC,4.65,4.51,4.62,4.51,1.0,3689881
2026-06-29,NYSE:SITC,4.56,4.12,4.56,4.14,1.0,1547084
2026-06-30,NYSE:SITC,4.1,3.91,4.08,3.97,1.0,1617418
2026-07-01,NYSE:SITC,4.505,4.17,4.17,4.46,1.0,1953932
2026-07-02,NYSE:SITC,4.6,4.43,4.45,4.49,1.0,1538908
2026-07-06,NYSE:SITC,4.525,4.25,4.5,4.25,1.0,1766722
2026-07-07,NYSE:SITC,4.455,4.255,4.3,4.35,1.0,2615731
2026-07-08,NYSE:SITC,4.31,4.16,4.3,4.18,1.0,953548
2026-07-09,NYSE:SITC,4.275,4.16,4.17,4.21,1.0,829779
2026-07-10,NYSE:SITC,4.295,4.17,4.23,4.29,1.0,512890
2026-07-13,NYSE:SITC,4.386,4.26,4.27,4.27,1.0,1299910
2026-07-14,NYSE:SITC,4.255,4.155,4.23,4.23,1.0,890642
2026-07-15,NYSE:SITC,4.35,4.21,4.22,4.34,1.0,606217
2026-07-16,NYSE:SITC,4.45,4.33,4.33,4.42,1.0,853410
2026-07-17,NYSE:SITC,4.565,4.395,4.41,4.48,1.0,610448
2026-07-20,NYSE:SITC,4.47,4.41,4.44,4.41,1.0,335207
2026-07-21,NYSE:SITC,4.41,4.275,4.36,4.38,1.0,729051
2026-07-22,NYSE:SITC,4.4,4.22,4.4,4.27,1.0,517407
2026-07-23,NYSE:SITC,4.275,4.205,4.22,4.26,1.0,462492
2026-07-24,NYSE:SITC,4.39,4.26,4.27,4.38,1.0,516442
2026-07-27,NYSE:SITC,4.51,4.395,4.42,4.43,1.0,589519
2026-07-28,NYSE:SITC,4.53,4.43,4.43,4.47,1.0,520399
2026-07-29,NYSE:SITC,4.49,4.435,4.47,4.49,1.0,402614
2026-07-30,NYSE:SITC,4.5,4.265,4.49,4.33,1.0,422176
2026-07-31,NYSE:SITC,4.35,4.225,4.32,4.28,1.0,792789
2026-08-03,NYSE:SITC,3.395,3.3,3.32,3.31,1.0,1208058
2026-08-04,NYSE:SITC,3.2108,2.89,3.03,3.17,1.0,2581298
2026-08-05,NYSE:SITC,3.3,3.105,3.16,3.28,1.0,1444077
2026-08-06,NYSE:SITC,3.29,3.04,3.29,3.13,1.0,1632457
2026-08-07,NYSE:SITC,3.1899,3.1,3.12,3.15,1.0,801391
2026-08-10,NYSE:SITC,3.13,3.005,3.13,3.02,1.0,776615
2026-08-11,NYSE:SITC,3.04,2.96,3.04,2.96,1.0,1192379
2026-08-12,NYSE:SITC,3.02,2.96,2.99,2.98,1.0,779894
2026-08-13,NYSE:SITC,3.03,2.98,2.98,3.02,1.0,859669
2026-08-14,NYSE:SITC,3.03,2.95,3.0,2.96,1.0,746647
2026-08-17,NYSE:SITC,2.98,2.89,2.95,2.97,1.0,1008832
2026-08-18,NYSE:SITC,3.05,2.965,2.97,3.03,1.0,811950
2026-08-19,NYSE:SITC,3.08,3.01,3.03,3.03,1.0,681769
2026-08-20,NYSE:SITC,3.065,3.0009,3.05,3.02,1.0,569824
2026-08-21,NYSE:SITC,3.08,3.01,3.04,3.07,1.0,579676
2026-08-24,NYSE:SITC,3.11,3.02,3.08,3.07,1.0,965163
2026-08-25,NYSE:SITC,3.085,2.98,3.08,2.98,1.0,784061
2026-08-26,NYSE:SITC,3.055,2.955,2.98,3.03,1.0,952641
2026-08-27,NYSE:SITC,3.02,2.97,3.01,2.98,1.0,879856
2026-06-22,NASDAQ:TASK,5.085,4.8,4.87,4.99,1.0,865662
2026-06-23,NASDAQ:TASK,5.07,4.68,4.99,4.69,1.0,886680
2026-06-24,NASDAQ:TASK,4.96,4.69,4.69,4.88,1.0,627098
2026-06-25,NASDAQ:TASK,4.96,4.465,4.88,4.57,1.0,1259072
2026-06-26,NASDAQ:TASK,4.78,4.52,4.58,4.73,1.0,601915
2026-06-29,NASDAQ:TASK,4.9,4.74,4.79,4.79,1.0,596877
2026-06-30,NASDAQ:TASK,4.76,4.525,4.72,4.68,1.0,730734
2026-07-01,NASDAQ:TASK,5.155,4.72,4.72,5.03,1.0,720724
2026-07-02,NASDAQ:TASK,5.29,5.005,5.05,5.03,1.0,342277
2026-07-06,NASDAQ:TASK,5.305,4.99,5.04,5.18,1.0,444888
2026-07-07,NASDAQ:TASK,5.41,5.175,5.23,5.19,1.0,380849
2026-07-08,NASDAQ:TASK,5.22,5.01,5.16,5.18,1.0,398129
2026-07-09,NASDAQ:TASK,5.35,5.125,5.14,5.27,1.0,379324
2026-07-10,NASDAQ:TASK,5.43,5.26,5.33,5.41,1.0,336354
2026-07-13,NASDAQ:TASK,5.74,5.52,5.6,5.62,1.0,798564
2026-07-14,NASDAQ:TASK,6.005,5.5,5.54,5.8,1.0,917870
2026-07-15,NASDAQ:TASK,6.04,5.81,5.81,5.97,1.0,513793
2026-07-16,NASDAQ:TASK,6.135,5.92,6.03,5.97,1.0,593464
2026-07-17,NASDAQ:TASK,5.97,5.705,5.88,5.83,1.0,345581
2026-07-20,NASDAQ:TASK,5.96,5.66,5.81,5.82,1.0,329201
2026-07-21,NASDAQ:TASK,5.87,5.7,5.75,5.84,1.0,461249
2026-07-22,NASDAQ:TASK,5.89,5.55,5.87,5.85,1.0,1972682
2026-07-23,NASDAQ:TASK,5.75,5.32,5.75,5.35,1.0,2044366
2026-07-24,NASDAQ:TASK,5.54,5.355,5.36,5.52,1.0,1692111
2026-07-27,NASDAQ:TASK,6.135,5.58,5.64,5.8,1.0,1931015
2026-07-28,NASDAQ:TASK,6.32,5.9,5.9,6.2,1.0,436340
2026-07-29,NASDAQ:TASK,6.55,6.22,6.24,6.49,1.0,545463
2026-07-30,NASDAQ:TASK,6.5208,5.84,6.42,5.915,1.0,1720253
2026-07-31,NASDAQ:TASK,6.08,5.835,5.92,6.07,1.0,437848
2026-08-03,NASDAQ:TASK,6.46,6.135,6.22,6.36,1.0,1280337
2026-08-04,NASDAQ:TASK,6.54,6.23,6.28,6.54,1.0,648643
2026-08-05,NASDAQ:TASK,6.6,6.28,6.54,6.32,1.0,453604
2026-08-06,NASDAQ:TASK,8.225,7.02,7.04,7.82,1.0,3169669
2026-08-07,NASDAQ:TASK,7.7875,7.025,7.71,7.3,1.0,1271416
2026-08-10,NASDAQ:TASK,7.22,6.95,7.15,7.1,1.0,572747
2026-08-11,NASDAQ:TASK,7.1579999999999995,6.885,7.05,6.9,1.0,347317
2026-08-12,NASDAQ:TASK,6.925,6.57,6.84,6.92,1.0,501804
2026-08-13,NASDAQ:TASK,7.365,6.96,7.02,7.27,1.0,891241
2026-08-14,NASDAQ:TASK,7.55,7.29,7.32,7.5,1.0,630513
2026-08-17,NASDAQ:TASK,7.925,7.105,7.5,7.19,1.0,541183
2026-08-18,NASDAQ:TASK,7.51,7.165,7.22,7.38,1.0,729121
2026-08-19,NASDAQ:TASK,8.13,7.38,7.38,8.08,1.0,746580
2026-08-20,NASDAQ:TASK,8.08,7.68,7.96,7.76,1.0,425631
2026-08-21,NASDAQ:TASK,8.02,7.72,7.8,8.0,1.0,454903
2026-08-24,NASDAQ:TASK,8.04,7.815,7.99,7.83,1.0,246328
2026-08-25,NASDAQ:TASK,7.97,7.72,7.83,7.96,1.0,190710
2026-08-26,NASDAQ:TASK,7.93,7.7,7.9,7.75,1.0,247170
2026-08-27,NASDAQ:TASK,8.22,7.7704,7.78,8.21,1.0,362243
2026-08-28,NASDAQ:TASK,8.43,8.1,8.15,8.39,1.0,603200
2026-06-22,NYSE:ELME,2.02,2.01,2.01,2.01,1.0,880045
2026-06-23,NYSE:ELME,2.04,2.01,2.01,2.02,1.0,1065002
2026-06-24,NYSE:ELME,2.035,2.02,2.03,2.02,1.0,1040659
2026-06-25,NYSE:ELME,1.52,1.26,1.48,1.35,1.0,16979957
2026-06-26,NYSE:ELME,1.485,1.375,1.38,1.48,1.0,3500717
2026-06-29,NYSE:ELME,1.48,1.45,1.48,1.45,1.0,749133
2026-06-30,NYSE:ELME,1.52,1.45,1.45,1.48,1.0,1482204
2026-07-01,NYSE:ELME,1.575,1.4723,1.49,1.54,1.0,4867666
2026-07-02,NYSE:ELME,1.62,1.52,1.52,1.59,1.0,2632130
2026-07-06,NYSE:ELME,1.61,1.51,1.59,1.55,1.0,976143
2026-07-07,NYSE:ELME,1.6,1.545,1.56,1.56,1.0,1405615
2026-07-08,NYSE:ELME,1.57,1.54,1.57,1.55,1.0,572701
2026-07-09,NYSE:ELME,1.57,1.54,1.55,1.54,1.0,803152
2026-07-10,NYSE:ELME,1.56,1.51,1.54,1.52,1.0,1200092
2026-07-13,NYSE:ELME,1.56,1.5,1.5,1.52,1.0,1072657
2026-07-14,NYSE:ELME,1.55,1.51,1.54,1.54,1.0,895084
2026-07-15,NYSE:ELME,1.545,1.49,1.52,1.51,1.0,6665600
2026-07-16,NYSE:ELME,1.56,1.51,1.52,1.54,1.0,1096047
2026-07-17,NYSE:ELME,1.54,1.5,1.52,1.52,1.0,1759650
2026-07-20,NYSE:ELME,1.54,1.5,1.5,1.5,1.0,584116
2026-07-21,NYSE:ELME,1.52,1.49,1.5,1.51,1.0,392360
2026-07-22,NYSE:ELME,1.525,1.49,1.5,1.49,1.0,515839
2026-07-23,NYSE:ELME,1.5,1.46,1.49,1.47,1.0,771779
2026-07-24,NYSE:ELME,1.52,1.47,1.47,1.49,1.0,1843329
2026-07-27,NYSE:ELME,1.64,1.59,1.62,1.62,1.0,3077744
2026-07-28,NYSE:ELME,1.63,1.59,1.63,1.6,1.0,1762209
2026-07-29,NYSE:ELME,1.63,1.6,1.62,1.63,1.0,884350
2026-07-30,NYSE:ELME,1.63,1.6,1.63,1.62,1.0,513827
2026-07-31,NYSE:ELME,1.63,1.6,1.63,1.61,1.0,347160
2026-08-03,NYSE:ELME,1.67,1.62,1.63,1.64,1.0,739838
2026-08-04,NYSE:ELME,1.65,1.62,1.63,1.62,1.0,444849
2026-08-05,NYSE:ELME,1.64,1.615,1.63,1.64,1.0,242716
2026-08-06,NYSE:ELME,1.65,1.62,1.62,1.63,1.0,648958
2026-08-07,NYSE:ELME,1.6389,1.62,1.62,1.62,1.0,510141
2026-08-10,NYSE:ELME,1.6389,1.61,1.63,1.62,1.0,778033
2026-08-11,NYSE:ELME,1.63,1.61,1.61,1.62,1.0,343242
2026-08-12,NYSE:ELME,1.64,1.6129,1.64,1.62,1.0,274684
2026-08-13,NYSE:ELME,1.645,1.62,1.63,1.62,1.0,421427
2026-08-14,NYSE:ELME,1.64,1.62,1.64,1.62,1.0,208831
2026-08-17,NYSE:ELME,1.625,1.61,1.62,1.61,1.0,260400
2026-08-18,NYSE:ELME,1.62,1.61,1.62,1.61,1.0,175605
2026-08-19,NYSE:ELME,1.635,1.61,1.62,1.62,1.0,398517
2026-08-20,NYSE:ELME,1.63,1.61,1.61,1.62,1.0,267243
2026-08-21,NYSE:ELME,1.69,1.66,1.67,1.66,1.0,1276831
2026-08-24,NYSE:ELME,1.685,1.66,1.68,1.68,1.0,388038
2026-08-25,NYSE:ELME,1.69,1.66,1.69,1.69,1.0,758969
2026-08-26,NYSE:ELME,1.69,1.67,1.68,1.67,1.0,1216048
2026-08-27,NYSE:ELME,1.68,1.66,1.67,1.67,1.0,546459
2026-08-28,NYSE:ELME,1.68,1.66,1.66,1.68,1.0,538882
2026-06-22,NYSE:NLOP,11.69,11.47,11.5,11.54,1.0,184119
2026-06-23,NYSE:NLOP,11.695,11.405,11.54,11.45,1.0,173067
2026-06-24,NYSE:NLOP,11.555,11.15,11.47,11.24,1.0,401603
2026-06-25,NYSE:NLOP,11.355,11.08,11.25,11.11,1.0,254570
2026-06-26,NYSE:NLOP,11.36,11.13,11.18,11.36,1.0,367536
2026-06-29,NYSE:NLOP,11.53,11.2,11.32,11.22,1.0,123374
2026-06-30,NYSE:NLOP,11.2769,11.08,11.18,11.13,1.0,140938
2026-07-01,NYSE:NLOP,11.49,11.07,11.17,11.46,1.0,112655
2026-07-02,NYSE:NLOP,11.54,11.16,11.46,11.16,1.0,183572
2026-07-06,NYSE:NLOP,11.18,10.96,11.18,11.01,1.0,172853
2026-07-07,NYSE:NLOP,11.36,10.96,11.0,11.12,1.0,353961
2026-07-08,NYSE:NLOP,11.11,10.945,11.01,11.02,1.0,138410
2026-07-09,NYSE:NLOP,11.17,10.995,11.0,11.05,1.0,118815
2026-07-10,NYSE:NLOP,11.22,10.98,10.98,11.2,1.0,115405
2026-07-13,NYSE:NLOP,11.4,11.14,11.14,11.2,1.0,126379
2026-07-14,NYSE:NLOP,11.4714,11.18,11.18,11.37,1.0,77754
2026-07-15,NYSE:NLOP,11.42,11.2301,11.3,11.4,1.0,115277
2026-07-16,NYSE:NLOP,11.74,11.35,11.36,11.71,1.0,95517
2026-07-17,NYSE:NLOP,11.79,11.27,11.64,11.61,1.0,116838
2026-07-20,NYSE:NLOP,11.92,11.65,11.65,11.71,1.0,140813
2026-07-21,NYSE:NLOP,11.92,11.57,11.7,11.82,1.0,168594
2026-07-22,NYSE:NLOP,11.88,11.54,11.81,11.54,1.0,166839
2026-07-23,NYSE:NLOP,11.74,11.35,11.59,11.67,1.0,299646
2026-07-24,NYSE:NLOP,11.715,11.21,11.67,11.34,1.0,187568
2026-07-27,NYSE:NLOP,11.595,11.21,11.34,11.55,1.0,135567
2026-07-28,NYSE:NLOP,12.11,11.59,11.59,12.05,1.0,203207
2026-07-29,NYSE:NLOP,12.05,11.735,11.99,11.81,1.0,109491
2026-07-30,NYSE:NLOP,11.85,11.57,11.69,11.76,1.0,89681
2026-07-31,NYSE:NLOP,11.9328,11.56,11.7,11.7,1.0,88034
2026-08-03,NYSE:NLOP,12.12,11.68,11.68,12.03,1.0,127371
2026-08-04,NYSE:NLOP,12.01,11.75,11.93,11.93,1.0,136694
2026-08-05,NYSE:NLOP,11.95,11.7601,11.88,11.87,1.0,149957
2026-08-06,NYSE:NLOP,11.92,11.55,11.77,11.67,1.0,198875
2026-08-07,NYSE:NLOP,11.8,11.5,11.55,11.57,1.0,105267
2026-08-10,NYSE:NLOP,11.64,11.385,11.56,11.48,1.0,113393
2026-08-11,NYSE:NLOP,11.68,11.4801,11.53,11.5,1.0,100211
2026-08-12,NYSE:NLOP,11.6394,11.46,11.57,11.57,1.0,129987
2026-08-13,NYSE:NLOP,11.74,11.6,11.61,11.66,1.0,90106
2026-08-14,NYSE:NLOP,11.72,11.53,11.69,11.59,1.0,85865
2026-08-17,NYSE:NLOP,11.69,11.38,11.58,11.42,1.0,84538
2026-08-18,NYSE:NLOP,11.64,11.3,11.33,11.48,1.0,113719
2026-08-19,NYSE:NLOP,11.59,11.3442,11.52,11.46,1.0,69761
2026-08-20,NYSE:NLOP,11.64,11.32,11.47,11.57,1.0,71012
2026-08-21,NYSE:NLOP,11.64,11.48,11.56,11.61,1.0,63548
2026-08-24,NYSE:NLOP,11.7572,11.45,11.63,11.53,1.0,71475
2026-08-25,NYSE:NLOP,11.67,11.49,11.5,11.61,1.0,94975
2026-08-26,NYSE:NLOP,11.7199,11.48,11.57,11.53,1.0,53768
2026-08-27,NYSE:NLOP,11.63,11.45,11.49,11.51,1.0,51399
2026-08-28,NYSE:NLOP,11.58,11.46,11.58,11.51,1.0,69662
2026-06-22,NASDAQ:KLAC,269.9,262.375,265.61,269.16,1.0,10790379
2026-06-23,NASDAQ:KLAC,251.22,240.5601,248.06,244.49,1.0,17936560
2026-06-24,NASDAQ:KLAC,245.3,235.0,242.11,240.48,1.0,11424213
2026-06-25,NASDAQ:KLAC,260.84,243.51,255.15,258.8,1.0,11698385
2026-06-26,NASDAQ:KLAC,253.0,243.09,246.765,248.64,1.0,21170855
2026-06-29,NASDAQ:KLAC,279.34,249.315,250.03,278.39,1.0,14490127
2026-06-30,NASDAQ:KLAC,307.3743,279.03,280.28,301.71,1.0,19528061
2026-07-01,NASDAQ:KLAC,290.84,259.8,285.515,266.19,1.0,24050258
2026-07-02,NASDAQ:KLAC,267.325,228.01,266.0,235.55,1.0,23591285
2026-07-06,NASDAQ:KLAC,246.32,231.16,246.32,233.31,1.0,12027882
2026-07-07,NASDAQ:KLAC,223.79,210.86,217.12,216.47,1.0,17686872
2026-07-08,NASDAQ:KLAC,223.4,214.3,215.78,221.18,1.0,12460059
2026-07-09,NASDAQ:KLAC,247.49,228.0,239.02,229.52,1.0,12963185
2026-07-10,NASDAQ:KLAC,232.1,222.13,224.83,231.52,1.0,7083039
2026-07-13,NASDAQ:KLAC,226.855,218.89,221.55,222.25,1.0,9902593
2026-07-14,NASDAQ:KLAC,237.72,226.29,237.4,230.37,1.0,8714803
2026-07-15,NASDAQ:KLAC,236.55,216.465,235.96,224.5,1.0,10355904
2026-07-16,NASDAQ:KLAC,228.79,216.72,217.755,219.37,1.0,13826914
2026-07-17,NASDAQ:KLAC,216.79,204.5839,208.45,212.75,1.0,13049639
2026-07-20,NASDAQ:KLAC,220.8,206.92,217.45,207.6,1.0,8216979
2026-07-21,NASDAQ:KLAC,221.0,214.23,220.25,217.56,1.0,9620633
2026-07-22,NASDAQ:KLAC,218.37,210.274,210.66,214.69,1.0,8968366
2026-07-23,NASDAQ:KLAC,219.03,212.86,213.385,218.73,1.0,8635429
2026-07-24,NASDAQ:KLAC,219.99,207.44,214.51,210.52,1.0,10814651
2026-07-27,NASDAQ:KLAC,214.01,195.56,210.82,203.36,1.0,14152743
2026-07-28,NASDAQ:KLAC,195.99,186.75,193.265,190.8,1.0,16648499
2026-07-29,NASDAQ:KLAC,191.37,169.81,177.625,170.19,1.0,20248314
2026-07-30,NASDAQ:KLAC,186.86,178.855,186.86,180.33,1.0,17485103
2026-07-31,NASDAQ:KLAC,190.0,179.65,188.0,182.82,1.0,13512367
2026-08-03,NASDAQ:KLAC,183.19,174.6,177.97,182.75,1.0,10262973
2026-08-04,NASDAQ:KLAC,196.725,188.1301,191.98,195.45,1.0,13251397
2026-08-05,NASDAQ:KLAC,201.16,191.22,195.465,192.8,1.0,10017205
2026-08-06,NASDAQ:KLAC,198.32,185.77,189.585,193.22,1.0,13257387
2026-08-07,NASDAQ:KLAC,201.83,195.05,197.98,198.11,1.0,8974090
2026-08-10,NASDAQ:KLAC,205.06,192.47,204.78,192.74,1.0,10318274
2026-08-11,NASDAQ:KLAC,203.15,195.0,198.665,200.47,1.0,8098393
2026-08-12,NASDAQ:KLAC,210.27,205.22,210.1,208.25,1.0,11951856
2026-08-13,NASDAQ:KLAC,214.8,207.0,208.52,209.37,1.0,8543050
2026-08-14,NASDAQ:KLAC,208.87,200.86,206.8,203.72,1.0,7357856
2026-08-17,NASDAQ:KLAC,209.1,202.48,206.89,205.76,1.0,9478974
2026-08-18,NASDAQ:KLAC,199.52,191.78,195.47,194.79,1.0,13529951
2026-08-19,NASDAQ:KLAC,196.97799999999998,185.38,196.435,187.27,1.0,9701561
2026-08-20,NASDAQ:KLAC,189.36,184.55,185.56,185.86,1.0,7330129
2026-08-21,NASDAQ:KLAC,189.77,182.11,189.435,183.99,1.0,8913125
2026-08-24,NASDAQ:KLAC,182.84,176.45,180.02,181.57,1.0,9874765
2026-08-25,NASDAQ:KLAC,186.13,180.71,184.58,183.34,1.0,8899654
2026-08-26,NASDAQ:KLAC,184.26,179.7,183.41,183.83,1.0,5962821
2026-08-27,NASDAQ:KLAC,186.78,180.85,185.01,183.77,1.0,6558367
2026-08-28,NASDAQ:KLAC,182.6,174.7,182.04,175.54,1.0,9919213
2026-06-22,NYSE:RGA,212.265,207.155,210.19,209.15,1.0,379565
2026-06-23,NYSE:RGA,212.52,208.515,209.0,211.74,1.0,362150
2026-06-24,NYSE:RGA,212.91,206.12,212.91,207.79,1.0,510174
2026-06-25,NYSE:RGA,212.13,207.39,207.93,208.5,1.0,298360
2026-06-26,NYSE:RGA,215.85,209.02,210.03,215.28,1.0,589788
2026-06-29,NYSE:RGA,216.135,213.5,214.22,214.84,1.0,274333
2026-06-30,NYSE:RGA,215.405,212.53,214.84,212.65,1.0,276451
2026-07-01,NYSE:RGA,218.42,213.67,213.67,215.65,1.0,308822
2026-07-02,NYSE:RGA,221.245,215.245,217.66,221.0,1.0,381924
2026-07-06,NYSE:RGA,225.32,220.3301,222.07,224.08,1.0,321120
2026-07-07,NYSE:RGA,230.355,225.55,225.55,230.22,1.0,399902
2026-07-08,NYSE:RGA,232.75,227.48,231.87,227.62,1.0,345967
2026-07-09,NYSE:RGA,231.065,227.59,227.95,230.49,1.0,376549
2026-07-10,NYSE:RGA,231.72,228.16,230.4,231.16,1.0,357940
2026-07-13,NYSE:RGA,238.6,233.04,233.17,238.01,1.0,452175
2026-07-14,NYSE:RGA,238.91,233.14,237.0,234.04,1.0,379413
2026-07-15,NYSE:RGA,237.38,231.16,231.8,234.23,1.0,420094
2026-07-16,NYSE:RGA,240.83,233.28,233.87,239.91,1.0,370036
2026-07-17,NYSE:RGA,244.3025,239.9,239.9,241.79,1.0,353863
2026-07-20,NYSE:RGA,245.0,240.13,240.2,240.88,1.0,272875
2026-07-21,NYSE:RGA,241.45,238.035,240.86,238.89,1.0,312537
2026-07-22,NYSE:RGA,241.628,233.94,239.29,235.31,1.0,423828
2026-07-23,NYSE:RGA,236.27,232.025,235.0,234.28,1.0,328886
2026-07-24,NYSE:RGA,240.79,234.72,235.42,238.92,1.0,329157
2026-07-27,NYSE:RGA,241.641,238.49,239.6,239.0,1.0,230879
2026-07-28,NYSE:RGA,242.99,237.925,240.69,242.64,1.0,327253
2026-07-29,NYSE:RGA,242.55,236.7,241.0,237.11,1.0,613662
2026-07-30,NYSE:RGA,239.5,233.85,237.42,238.06,1.0,302242
2026-07-31,NYSE:RGA,239.465,235.72,237.12,236.85,1.0,238196
2026-08-03,NYSE:RGA,239.58,235.11,238.01,236.37,1.0,272587
2026-08-04,NYSE:RGA,237.34,232.41,233.21,236.19,1.0,482546
2026-08-05,NYSE:RGA,238.8899,235.255,238.05,236.38,1.0,357444
2026-08-06,NYSE:RGA,239.38,235.96,239.25,236.31,1.0,322937
2026-08-07,NYSE:RGA,248.125,239.735,246.77,246.33,1.0,512656
2026-08-10,NYSE:RGA,247.22,241.44,245.18,242.1,1.0,409815
2026-08-11,NYSE:RGA,246.08,242.48,245.0,244.65,1.0,382525
2026-08-12,NYSE:RGA,247.2,243.84,243.97,246.08,1.0,405508
2026-08-13,NYSE:RGA,250.705,246.73,248.0,250.38,1.0,379435
2026-08-14,NYSE:RGA,251.0,242.1835,250.25,249.45,1.0,264559
2026-08-17,NYSE:RGA,250.92,246.57,248.82,246.98,1.0,598428
2026-08-18,NYSE:RGA,247.815,244.42,245.48,244.42,1.0,322420
2026-08-19,NYSE:RGA,245.17,239.68,244.96,240.7,1.0,442895
2026-08-20,NYSE:RGA,244.7699,239.23,240.0,242.55,1.0,297983
2026-08-21,NYSE:RGA,244.805,242.34,244.23,243.13,1.0,262442
2026-08-24,NYSE:RGA,247.39,241.45,243.38,245.57,1.0,280703
2026-08-25,NYSE:RGA,247.19,243.22,245.65,244.46,1.0,233270
2026-08-26,NYSE:RGA,248.235,244.22,244.7,246.55,1.0,234298
2026-08-27,NYSE:RGA,247.135,243.01,245.06,246.02,1.0,182838
2026-08-28,NYSE:RGA,246.98,243.98,246.55,245.54,1.0,176391
2026-06-22,NYSE:TTE,81.2,80.3,80.87,80.67,1.0,2529650
2026-06-23,NYSE:TTE,80.69,80.12,80.55,80.31,1.0,1280203
2026-06-24,NYSE:TTE,79.19,78.185,78.485,78.69,1.0,2043145
2026-06-25,NYSE:TTE,79.0699,77.59,77.75,78.28,1.0,1297397
2026-06-26,NYSE:TTE,78.6099,76.58,78.42,76.77,1.0,2777002
2026-06-29,NYSE:TTE,78.83,77.56,78.31,77.67,1.0,2439814
2026-06-30,NYSE:TTE,77.84,76.92,77.33,77.76,1.0,1449717
2026-07-01,NYSE:TTE,75.81,74.78,75.48,74.8,1.0,1936769
2026-07-02,NYSE:TTE,76.78,76.01,76.07,76.69,1.0,1303537
2026-07-06,NYSE:TTE,76.63,76.0501,76.32,76.31,1.0,940329
2026-07-07,NYSE:TTE,79.035,76.91,77.08,77.96,1.0,1923564
2026-07-08,NYSE:TTE,79.33,77.97,78.37,78.87,1.0,1843109
2026-07-09,NYSE:TTE,79.01,78.16,78.8,78.23,1.0,617039
2026-07-10,NYSE:TTE,78.58,77.58,78.12,78.5,1.0,1178264
2026-07-13,NYSE:TTE,81.23,79.88,79.9,81.21,1.0,1431483
2026-07-14,NYSE:TTE,81.86,80.78,81.59,80.91,1.0,2063071
2026-07-15,NYSE:TTE,81.7,80.15,81.32,80.34,1.0,1699083
2026-07-16,NYSE:TTE,79.69,78.745,79.38,78.82,1.0,1715852
2026-07-17,NYSE:TTE,81.5,80.35,80.5,81.39,1.0,3242456
2026-07-20,NYSE:TTE,81.76,80.25,80.26,80.8,1.0,2328221
2026-07-21,NYSE:TTE,83.72,82.3975,82.59,83.53,1.0,1772558
2026-07-22,NYSE:TTE,85.11,84.38,84.91,84.91,1.0,3409741
2026-07-23,NYSE:TTE,87.085,86.09,87.04,86.23,1.0,3553977
2026-07-24,NYSE:TTE,87.03,85.92,86.51,86.8,1.0,1213383
2026-07-27,NYSE:TTE,85.1495,84.15,84.34,84.16,1.0,1164791
2026-07-28,NYSE:TTE,85.2399,83.48,84.57,84.18,1.0,1163644
2026-07-29,NYSE:TTE,87.13,86.11,86.42,86.75,1.0,1248055
2026-07-30,NYSE:TTE,87.41,86.43,86.44,87.03,1.0,1093682
2026-07-31,NYSE:TTE,88.620891,86.95,87.29,87.86,1.0,1119152
2026-08-03,NYSE:TTE,87.9839,87.05,87.48,87.2,1.0,1513551
2026-08-04,NYSE:TTE,85.86,84.96,85.78,85.19,1.0,1461651
2026-08-05,NYSE:TTE,86.76,84.47,86.6,84.74,1.0,1395834
2026-08-06,NYSE:TTE,86.61,85.64,86.03,86.27,1.0,1189571
2026-08-07,NYSE:TTE,86.0114,85.25,85.7,85.83,1.0,1325290
2026-08-10,NYSE:TTE,87.9975,86.06,86.16,87.96,1.0,1069981
2026-08-11,NYSE:TTE,88.66,87.81,88.0,87.95,1.0,797429
2026-08-12,NYSE:TTE,87.86,86.66,86.78,87.7,1.0,1019435
2026-08-13,NYSE:TTE,87.23,85.785,86.28,87.05,1.0,1184944
2026-08-14,NYSE:TTE,88.47,87.36,87.52,88.33,1.0,1294332
2026-08-17,NYSE:TTE,88.81,87.91,88.31,88.63,1.0,1425846
2026-08-18,NYSE:TTE,90.2,89.14,90.0,89.29,1.0,1072086
2026-08-19,NYSE:TTE,91.2248,89.765,90.78,90.07,1.0,1856608
2026-08-20,NYSE:TTE,92.16,90.75,91.82,90.9,1.0,1450405
2026-08-21,NYSE:TTE,90.9,89.87,90.83,89.89,1.0,971687
2026-08-24,NYSE:TTE,89.54,88.5525,88.83,89.35,1.0,1796260
2026-08-25,NYSE:TTE,88.98899999999999,88.0,88.4,88.8,1.0,2471573
2026-08-26,NYSE:TTE,88.255,86.82,87.15,87.13,1.0,1503369
2026-08-27,NYSE:TTE,87.52,86.0,87.31,86.33,1.0,1874927
2026-08-28,NYSE:TTE,87.2,86.19,86.97,86.31,1.0,1542810
2026-06-22,NASDAQ:SLM,23.065,22.545,23.01,22.84,1.0,2074606
2026-06-23,NASDAQ:SLM,23.46,22.745,22.8,23.24,1.0,2594798
2026-06-24,NASDAQ:SLM,24.03,23.24,23.24,23.84,1.0,1583578
2026-06-25,NASDAQ:SLM,25.12,24.0,24.03,24.61,1.0,2660628
2026-06-26,NASDAQ:SLM,25.52,24.38,24.47,25.45,1.0,6019686
2026-06-29,NASDAQ:SLM,26.145,25.14,25.23,26.11,1.0,2765487
2026-06-30,NASDAQ:SLM,26.14,25.78,26.06,25.94,1.0,3694763
2026-07-01,NASDAQ:SLM,26.06,25.365,25.96,25.67,1.0,3583579
2026-07-02,NASDAQ:SLM,26.05,24.94,25.9,25.6,1.0,2188590
2026-07-06,NASDAQ:SLM,25.92,25.23,25.56,25.53,1.0,4255866
2026-07-07,NASDAQ:SLM,25.43,24.64,25.03,25.08,1.0,2957941
2026-07-08,NASDAQ:SLM,24.76,23.71,24.75,23.9,1.0,3365992
2026-07-09,NASDAQ:SLM,25.11,23.94,24.04,24.73,1.0,4672646
2026-07-10,NASDAQ:SLM,25.1537,24.61,25.05,24.96,1.0,3502001
2026-07-13,NASDAQ:SLM,25.23,24.61,25.1,24.89,1.0,2166400
2026-07-14,NASDAQ:SLM,25.545,24.64,24.64,25.53,1.0,2501917
2026-07-15,NASDAQ:SLM,25.62,25.14,25.53,25.34,1.0,2915876
2026-07-16,NASDAQ:SLM,25.865,25.28,25.28,25.6,1.0,2457813
2026-07-17,NASDAQ:SLM,25.63,25.16,25.5,25.34,1.0,1923657
2026-07-20,NASDAQ:SLM,25.54,25.08,25.3,25.33,1.0,2329742
2026-07-21,NASDAQ:SLM,25.455,24.8,25.36,25.185,1.0,2717596
2026-07-22,NASDAQ:SLM,25.35,24.93,25.0,25.22,1.0,1796118
2026-07-23,NASDAQ:SLM,25.18,24.005,24.99,24.18,1.0,5673428
2026-07-24,NASDAQ:SLM,24.52,23.0,23.0,24.29,1.0,6262645
2026-07-27,NASDAQ:SLM,25.48,24.265,24.63,25.42,1.0,3203799
2026-07-28,NASDAQ:SLM,25.82,25.05,25.56,25.19,1.0,2711454
2026-07-29,NASDAQ:SLM,25.9,24.9,24.9,25.69,1.0,3509572
2026-07-30,NASDAQ:SLM,25.93,24.93,25.75,25.84,1.0,2386888
2026-07-31,NASDAQ:SLM,26.19,25.56,25.84,25.995,1.0,2458315
2026-08-03,NASDAQ:SLM,27.34,26.03,26.03,27.1,1.0,3942912
2026-08-04,NASDAQ:SLM,27.92,27.0,27.1,27.86,1.0,2061116
2026-08-05,NASDAQ:SLM,27.95,27.31,27.83,27.47,1.0,1902895
2026-08-06,NASDAQ:SLM,27.68,27.34,27.53,27.41,1.0,2010432
2026-08-07,NASDAQ:SLM,27.525,26.975,27.36,27.37,1.0,1497596
2026-08-10,NASDAQ:SLM,27.655,27.12,27.2,27.32,1.0,2431991
2026-08-11,NASDAQ:SLM,27.8425,27.08,27.25,27.16,1.0,1356075
2026-08-12,NASDAQ:SLM,28.03,27.15,27.19,27.97,1.0,1969240
2026-08-13,NASDAQ:SLM,28.27,27.43,28.12,27.74,1.0,2965829
2026-08-14,NASDAQ:SLM,28.075,27.54,27.78,28.03,1.0,1207831
2026-08-17,NASDAQ:SLM,28.045,27.101,27.7,27.28,1.0,2231955
2026-08-18,NASDAQ:SLM,27.41,26.86,27.28,26.87,1.0,1563899
2026-08-19,NASDAQ:SLM,27.31,26.555,26.93,26.59,1.0,1626387
2026-08-20,NASDAQ:SLM,26.59,25.78,26.59,25.85,1.0,1536886
2026-08-21,NASDAQ:SLM,26.53,26.01,26.09,26.46,1.0,1228051
2026-08-24,NASDAQ:SLM,26.79,26.305,26.52,26.34,1.0,1409373
2026-08-25,NASDAQ:SLM,26.57,26.1201,26.45,26.47,1.0,1898358
2026-08-26,NASDAQ:SLM,26.875,26.33,26.43,26.78,1.0,1519136
2026-08-27,NASDAQ:SLM,27.005,26.56,26.61,26.77,1.0,1371214
2026-08-28,NASDAQ:SLM,27.28,26.4,26.73,26.41,1.0,1682355
2026-06-22,NASDAQ:TSCO,30.365,29.415,30.17,29.81,1.0,14393193
2026-06-23,NASDAQ:TSCO,30.32,29.455,30.1,29.68,1.0,12079186
2026-06-24,NASDAQ:TSCO,30.31,29.61,29.67,30.06,1.0,12774788
2026-06-25,NASDAQ:TSCO,31.41,29.86,29.86,30.75,1.0,14113882
2026-06-26,NASDAQ:TSCO,31.745,30.68,30.75,31.21,1.0,36560964
2026-06-29,NASDAQ:TSCO,31.74,30.94,31.205,31.2,1.0,11516835
2026-06-30,NASDAQ:TSCO,31.765,30.99,31.22,31.61,1.0,9009051
2026-07-01,NASDAQ:TSCO,32.49,31.72,32.02,32.26,1.0,8870296
2026-07-02,NASDAQ:TSCO,32.64,31.45,32.48,31.76,1.0,9342914
2026-07-06,NASDAQ:TSCO,31.7,29.945,31.42,30.22,1.0,8863848
2026-07-07,NASDAQ:TSCO,31.2,30.4,30.98,30.43,1.0,6683816
2026-07-08,NASDAQ:TSCO,30.56,29.345,30.37,29.58,1.0,7629965
2026-07-09,NASDAQ:TSCO,30.29,28.93,28.9732,30.12,1.0,8602617
2026-07-10,NASDAQ:TSCO,30.52,30.09,30.3,30.43,1.0,5159686
2026-07-13,NASDAQ:TSCO,30.875,29.98,30.42,30.24,1.0,6975307
2026-07-14,NASDAQ:TSCO,30.61,29.75,30.19,30.55,1.0,8733907
2026-07-15,NASDAQ:TSCO,31.335,30.13,30.13,30.17,1.0,7443267
2026-07-16,NASDAQ:TSCO,31.295,30.38,30.49,31.01,1.0,13726448
2026-07-17,NASDAQ:TSCO,31.91,30.34,31.31,30.51,1.0,9728953
2026-07-20,NASDAQ:TSCO,30.7935,30.13,30.66,30.3,1.0,7136661
2026-07-21,NASDAQ:TSCO,30.22,29.38,30.06,29.64,1.0,9186215
2026-07-22,NASDAQ:TSCO,30.265,29.305,29.895,29.36,1.0,11812055
2026-07-23,NASDAQ:TSCO,30.49,28.96,30.0,30.32,1.0,26347952
2026-07-24,NASDAQ:TSCO,31.06,29.69,30.465,31.02,1.0,12027915
2026-07-27,NASDAQ:TSCO,32.225,31.08,31.69,31.8,1.0,12914797
2026-07-28,NASDAQ:TSCO,32.4,31.43,32.01,31.46,1.0,9789687
2026-07-29,NASDAQ:TSCO,31.745,30.78,31.375,31.0,1.0,9760750
2026-07-30,NASDAQ:TSCO,30.5,29.455,30.38,30.21,1.0,8284038
2026-07-31,NASDAQ:TSCO,30.79,29.97,30.17,30.77,1.0,10823419
2026-08-03,NASDAQ:TSCO,32.17,31.45,31.45,32.11,1.0,10648988
2026-08-04,NASDAQ:TSCO,33.16,31.6838,31.7,33.12,1.0,10252192
2026-08-05,NASDAQ:TSCO,33.5,33.0,33.395,33.41,1.0,11506399
2026-08-06,NASDAQ:TSCO,34.37,33.405,33.89,34.09,1.0,12529831
2026-08-07,NASDAQ:TSCO,34.59,33.36,33.95,34.56,1.0,12477149
2026-08-10,NASDAQ:TSCO,34.87,33.77,34.315,34.62,1.0,20045304
2026-08-11,NASDAQ:TSCO,36.405,34.41,34.43,35.29,1.0,22090942
2026-08-12,NASDAQ:TSCO,36.67,34.9594,35.15,36.43,1.0,17443430
2026-08-13,NASDAQ:TSCO,36.89,35.605,36.67,36.17,1.0,14447934
2026-08-14,NASDAQ:TSCO,36.42,35.7,36.12,35.83,1.0,8958799
2026-08-17,NASDAQ:TSCO,35.42,34.54,35.035,34.68,1.0,10151686
2026-08-18,NASDAQ:TSCO,35.885397999999995,34.555,35.09,34.72,1.0,7792622
2026-08-19,NASDAQ:TSCO,36.035,34.86,34.97,35.44,1.0,6823580
2026-08-20,NASDAQ:TSCO,35.1797,34.59,35.02,35.05,1.0,7545874
2026-08-21,NASDAQ:TSCO,35.38,34.755,35.19,34.98,1.0,8638155
2026-08-24,NASDAQ:TSCO,36.11,34.72,34.72,35.92,1.0,9426920
2026-08-25,NASDAQ:TSCO,36.0,35.355,35.8,35.38,1.0,7642593
2026-08-26,NASDAQ:TSCO,35.51,34.8,35.34,35.01,1.0,5805640
2026-08-27,NASDAQ:TSCO,35.04,34.45,34.66,34.7,1.0,7610004
2026-08-28,NASDAQ:TSCO,35.01,34.56,34.765,34.72,1.0,8331300
2026-06-22,NYSE:DK,43.04,40.89,40.89,42.88,1.0,1413512
2026-06-23,NYSE:DK,43.635,41.66,42.99,43.41,1.0,755513
2026-06-24,NYSE:DK,44.44,41.75,42.33,44.41,1.0,886957
2026-06-25,NYSE:DK,47.64,43.88,43.88,47.17,1.0,880344
2026-06-26,NYSE:DK,47.87,46.47,46.63,47.82,1.0,2149006
2026-06-29,NYSE:DK,52.5,49.35,49.43,51.58,1.0,1475621
2026-06-30,NYSE:DK,53.31,50.58,52.02,50.81,1.0,1277220
2026-07-01,NYSE:DK,53.18,50.85,50.85,53.14,1.0,1835959
2026-07-02,NYSE:DK,54.165,51.625,53.71,52.61,1.0,1138263
2026-07-06,NYSE:DK,54.61,51.78,52.39,52.97,1.0,1170790
2026-07-07,NYSE:DK,53.49,51.43,53.23,52.32,1.0,830128
2026-07-08,NYSE:DK,56.06,53.1301,53.53,56.05,1.0,1463409
2026-07-09,NYSE:DK,56.47,55.31,55.86,56.09,1.0,997348
2026-07-10,NYSE:DK,57.57,54.93,56.83,55.51,1.0,1053332
2026-07-13,NYSE:DK,58.59,56.685,57.03,58.01,1.0,1017642
2026-07-14,NYSE:DK,60.97,58.57,59.18,60.95,1.0,1282385
2026-07-15,NYSE:DK,60.7939,57.85,60.61,59.62,1.0,1434343
2026-07-16,NYSE:DK,62.53,60.2,60.2,61.59,1.0,1231459
2026-07-17,NYSE:DK,64.09,61.8916,63.22,63.25,1.0,1482197
2026-07-20,NYSE:DK,65.4,62.59,62.59,64.64,1.0,1232158
2026-07-21,NYSE:DK,67.31,65.1,66.0,67.19,1.0,1241174
2026-07-22,NYSE:DK,68.93,65.66,67.86,66.17,1.0,969398
2026-07-23,NYSE:DK,68.1,64.53,68.1,64.78,1.0,1146479
2026-07-24,NYSE:DK,65.11,62.64,64.74,63.2,1.0,1206657
2026-07-27,NYSE:DK,64.51,60.0655,60.43,64.44,1.0,1131313
2026-07-28,NYSE:DK,65.24,62.51,64.92,62.8,1.0,1319844
2026-07-29,NYSE:DK,65.81,63.98,64.38,64.92,1.0,1152470
2026-07-30,NYSE:DK,68.66,64.17,65.35,67.71,1.0,1125788
2026-07-31,NYSE:DK,68.7799,66.88,68.48,67.87,1.0,1030335
2026-08-03,NYSE:DK,68.31,65.18,65.86,66.01,1.0,1558188
2026-08-04,NYSE:DK,67.68,63.19,64.31,66.2,1.0,1457822
2026-08-05,NYSE:DK,65.48,59.52,65.48,59.75,1.0,1994618
2026-08-06,NYSE:DK,61.79,58.57,61.74,58.69,1.0,1279918
2026-08-07,NYSE:DK,60.175,56.34,57.29,58.46,1.0,1337267
2026-08-10,NYSE:DK,61.535,59.4,59.4,60.81,1.0,1285546
2026-08-11,NYSE:DK,64.28,60.68,61.0,63.94,1.0,1176918
2026-08-12,NYSE:DK,67.27,63.695,63.695,67.22,1.0,1111628
2026-08-13,NYSE:DK,68.44,64.9375,66.985,68.3,1.0,1485812
2026-08-14,NYSE:DK,68.4743,65.24,68.42,65.47,1.0,1049141
2026-08-17,NYSE:DK,67.4,63.75,65.53,67.21,1.0,2075263
2026-08-18,NYSE:DK,68.375,65.67,68.21,68.22,1.0,1478538
2026-08-19,NYSE:DK,68.0,65.7757,67.67,66.33,1.0,924956
2026-08-20,NYSE:DK,68.13,63.13,67.95,64.04,1.0,1539193
2026-08-21,NYSE:DK,72.0,64.405,64.7,71.47,1.0,3415970
2026-08-24,NYSE:DK,71.23,66.07,70.3,68.08,1.0,1719239
2026-08-25,NYSE:DK,69.98,66.73,66.73,67.59,1.0,1011483
2026-08-26,NYSE:DK,71.83,66.084,66.58,70.84,1.0,1718743
2026-08-27,NYSE:DK,71.6351,68.59,70.09,70.26,1.0,1235510
2026-08-28,NYSE:DK,73.3238,70.5,70.87,72.27,1.0,1246395
2026-06-22,NYSE:OLN,22.205,20.97,21.95,21.54,1.0,3736469
2026-06-23,NYSE:OLN,22.02,21.15,21.3,21.46,1.0,4411311
2026-06-24,NYSE:OLN,21.17,20.39,21.0,20.99,1.0,3815452
2026-06-25,NYSE:OLN,21.775,20.72,21.12,21.39,1.0,4410680
2026-06-26,NYSE:OLN,22.12,21.1,21.32,21.73,1.0,4171029
2026-06-29,NYSE:OLN,21.76,20.42,21.75,20.82,1.0,3940480
2026-06-30,NYSE:OLN,20.74,19.58,20.37,19.82,1.0,3988410
2026-07-01,NYSE:OLN,19.91,19.25,19.4,19.59,1.0,3806001
2026-07-02,NYSE:OLN,20.49,19.52,19.93,20.04,1.0,3291285
2026-07-06,NYSE:OLN,19.88,19.28,19.61,19.75,1.0,2729199
2026-07-07,NYSE:OLN,20.84,19.77,19.82,20.74,1.0,4492905
2026-07-08,NYSE:OLN,21.95,20.85,20.89,21.0,1.0,4910060
2026-07-09,NYSE:OLN,21.15,19.9,21.15,20.19,1.0,2902377
2026-07-10,NYSE:OLN,20.785,20.1,20.45,20.68,1.0,2774140
2026-07-13,NYSE:OLN,21.7,20.7101,20.9,21.15,1.0,3288645
2026-07-14,NYSE:OLN,21.98,21.26,21.74,21.66,1.0,3009294
2026-07-15,NYSE:OLN,22.31,21.6,21.64,21.86,1.0,2621376
2026-07-16,NYSE:OLN,22.53,21.53,21.53,21.98,1.0,2191693
2026-07-17,NYSE:OLN,22.3897,21.8,22.14,21.99,1.0,2199889
2026-07-20,NYSE:OLN,22.45,21.44,21.71,22.18,1.0,2689440
2026-07-21,NYSE:OLN,23.18,22.045,22.23,23.15,1.0,2591083
2026-07-22,NYSE:OLN,24.26,23.23,23.23,24.24,1.0,2998803
2026-07-23,NYSE:OLN,24.82,23.23,24.4,23.64,1.0,2648802
2026-07-24,NYSE:OLN,23.745,23.1,23.6,23.2,1.0,2442216
2026-07-27,NYSE:OLN,23.02,21.705,23.02,21.88,1.0,2637569
2026-07-28,NYSE:OLN,22.44,21.35,22.0,21.37,1.0,3785143
2026-07-29,NYSE:OLN,22.32,21.35,21.69,22.19,1.0,2893930
2026-07-30,NYSE:OLN,22.39,21.8501,22.39,22.17,1.0,2592025
2026-07-31,NYSE:OLN,20.48,17.73,20.48,18.51,1.0,10113537
2026-08-03,NYSE:OLN,19.01,17.995,18.12,18.62,1.0,5122961
2026-08-04,NYSE:OLN,19.12,18.295,18.56,19.05,1.0,4815673
2026-08-05,NYSE:OLN,19.27,18.570999999999998,18.94,18.72,1.0,3921185
2026-08-06,NYSE:OLN,19.37,18.7,18.93,18.74,1.0,3356940
2026-08-07,NYSE:OLN,19.085,18.45,18.78,18.59,1.0,2284879
2026-08-10,NYSE:OLN,18.8944,18.45,18.51,18.82,1.0,3087411
2026-08-11,NYSE:OLN,19.33,18.86,18.86,19.08,1.0,1958217
2026-08-12,NYSE:OLN,19.14,18.55,19.12,18.72,1.0,2153010
2026-08-13,NYSE:OLN,19.24,18.45,18.54,19.06,1.0,2000937
2026-08-14,NYSE:OLN,19.39,18.78,19.22,19.1,1.0,2255443
2026-08-17,NYSE:OLN,19.156,18.77,19.05,19.01,1.0,1989170
2026-08-18,NYSE:OLN,19.27,18.39,19.09,18.48,1.0,2207523
2026-08-19,NYSE:OLN,19.32,18.655,18.73,18.71,1.0,2505765
2026-08-20,NYSE:OLN,18.901,18.27,18.75,18.63,1.0,2931124
2026-08-21,NYSE:OLN,18.91,18.36,18.73,18.4,1.0,2099523
2026-08-24,NYSE:OLN,18.44,17.56,18.4,17.57,1.0,3561244
2026-08-25,NYSE:OLN,17.5,17.085,17.4,17.37,1.0,2840221
2026-08-26,NYSE:OLN,17.54,17.105,17.34,17.52,1.0,2933543
2026-08-27,NYSE:OLN,17.38,17.01,17.24,17.28,1.0,2883092
2026-08-28,NYSE:OLN,17.7239,17.005,17.48,17.15,1.0,3340428
2026-06-22,NASDAQ:HWKN,162.78,159.41,160.96,162.01,1.0,126263
2026-06-23,NASDAQ:HWKN,165.0,160.2,161.4,163.38,1.0,88447
2026-06-24,NASDAQ:HWKN,170.1,161.14,163.03,165.33,1.0,164683
2026-06-25,NASDAQ:HWKN,169.86,164.94,165.33,165.51,1.0,156773
2026-06-26,NASDAQ:HWKN,169.35,160.02,164.23,161.59,1.0,506587
2026-06-29,NASDAQ:HWKN,162.975,141.01,161.59,141.4,1.0,282946
2026-06-30,NASDAQ:HWKN,143.3313,132.93,139.13,142.1,1.0,398405
2026-07-01,NASDAQ:HWKN,143.785,136.915,143.56,138.07,1.0,257725
2026-07-02,NASDAQ:HWKN,143.275,137.87,139.01,138.49,1.0,193403
2026-07-06,NASDAQ:HWKN,141.0,135.665,139.85,139.44,1.0,183121
2026-07-07,NASDAQ:HWKN,141.69,134.82,139.28,136.26,1.0,194529
2026-07-08,NASDAQ:HWKN,137.85,132.05,136.27,132.3,1.0,239925
2026-07-09,NASDAQ:HWKN,135.4,132.67,134.13,133.01,1.0,153274
2026-07-10,NASDAQ:HWKN,135.295,131.505,132.87,133.76,1.0,97431
2026-07-13,NASDAQ:HWKN,137.08,131.41,134.28,133.87,1.0,130659
2026-07-14,NASDAQ:HWKN,138.85,134.89,135.44,138.24,1.0,129662
2026-07-15,NASDAQ:HWKN,143.69,139.66,139.78,142.37,1.0,162774
2026-07-16,NASDAQ:HWKN,144.0,140.03,141.75,143.06,1.0,106379
2026-07-17,NASDAQ:HWKN,148.41,140.25,142.09,144.41,1.0,141606
2026-07-20,NASDAQ:HWKN,146.99,142.48,144.51,145.29,1.0,110493
2026-07-21,NASDAQ:HWKN,147.98,143.73,145.3,143.84,1.0,165242
2026-07-22,NASDAQ:HWKN,147.285,143.05,144.1,143.17,1.0,139822
2026-07-23,NASDAQ:HWKN,144.98,138.16,141.63,139.33,1.0,314342
2026-07-24,NASDAQ:HWKN,141.74,135.03,140.99,139.03,1.0,255918
2026-07-27,NASDAQ:HWKN,141.98,136.88,139.76,140.39,1.0,202449
2026-07-28,NASDAQ:HWKN,144.46,141.37,142.04,143.02,1.0,129618
2026-07-29,NASDAQ:HWKN,142.26,137.83,142.19,138.6,1.0,135392
2026-07-30,NASDAQ:HWKN,136.86,126.075,136.0,129.22,1.0,324081
2026-07-31,NASDAQ:HWKN,128.13,119.02,127.08,128.03,1.0,300048
2026-08-03,NASDAQ:HWKN,133.025,128.74,128.74,132.08,1.0,137845
2026-08-04,NASDAQ:HWKN,135.05,132.08,132.08,133.69,1.0,170136
2026-08-05,NASDAQ:HWKN,136.0,133.06,133.06,135.29,1.0,136378
2026-08-06,NASDAQ:HWKN,137.23,129.46,135.95,130.03,1.0,140694
2026-08-07,NASDAQ:HWKN,131.2699,127.88,130.14,129.91,1.0,131122
2026-08-10,NASDAQ:HWKN,132.5014,128.925,129.78,130.66,1.0,113891
2026-08-11,NASDAQ:HWKN,133.49,128.07,131.75,129.66,1.0,130318
2026-08-12,NASDAQ:HWKN,132.0,127.83,131.06,129.47,1.0,103492
2026-08-13,NASDAQ:HWKN,132.44,128.04,130.28,128.05,1.0,85648
2026-08-14,NASDAQ:HWKN,131.565,127.4,127.52,131.05,1.0,93222
2026-08-17,NASDAQ:HWKN,133.04,128.785,129.57,131.57,1.0,173637
2026-08-18,NASDAQ:HWKN,131.55,124.02,131.14,124.8,1.0,102559
2026-08-19,NASDAQ:HWKN,126.38,123.47,126.38,123.92,1.0,132679
2026-08-20,NASDAQ:HWKN,123.325,118.9,122.48,119.39,1.0,138332
2026-08-21,NASDAQ:HWKN,121.19,118.715,120.06,118.99,1.0,156726
2026-08-24,NASDAQ:HWKN,120.95,116.89,119.66,117.75,1.0,128154
2026-08-25,NASDAQ:HWKN,119.53,116.25,118.4,118.41,1.0,144880
2026-08-26,NASDAQ:HWKN,120.04,118.25,118.59,118.57,1.0,96144
2026-08-27,NASDAQ:HWKN,119.13,116.045,119.0,117.67,1.0,153528
2026-08-28,NASDAQ:HWKN,123.848,118.92,119.0,120.35,1.0,162031
2026-06-22,NYSE:OEC,7.44,6.805,7.43,7.17,1.0,807721
2026-06-23,NYSE:OEC,7.4,6.825,7.08,6.86,1.0,878170
2026-06-24,NYSE:OEC,6.89,6.51,6.88,6.84,1.0,774711
2026-06-25,NYSE:OEC,7.22,6.67,6.86,7.18,1.0,527617
2026-06-26,NYSE:OEC,7.17,6.75,7.1,7.02,1.0,1146318
2026-06-29,NYSE:OEC,7.12,6.68,7.08,6.82,1.0,470973
2026-06-30,NYSE:OEC,6.81,6.6,6.81,6.63,1.0,368667
2026-07-01,NYSE:OEC,6.7,6.31,6.55,6.35,1.0,517727
2026-07-02,NYSE:OEC,6.57,5.65,6.43,5.74,1.0,2476913
2026-07-06,NYSE:OEC,5.83,5.47,5.72,5.47,1.0,700016
2026-07-07,NYSE:OEC,5.655,5.29,5.39,5.65,1.0,888946
2026-07-08,NYSE:OEC,5.85,5.42,5.6,5.52,1.0,1205435
2026-07-09,NYSE:OEC,5.51,5.21,5.51,5.34,1.0,1308081
2026-07-10,NYSE:OEC,5.775,5.33,5.36,5.69,1.0,744188
2026-07-13,NYSE:OEC,6.08,5.48,5.49,6.0,1.0,965246
2026-07-14,NYSE:OEC,6.31,6.03,6.08,6.09,1.0,596581
2026-07-15,NYSE:OEC,6.37,6.07,6.12,6.35,1.0,462683
2026-07-16,NYSE:OEC,6.67,6.32,6.35,6.67,1.0,751623
2026-07-17,NYSE:OEC,6.965,6.56,6.71,6.85,1.0,447918
2026-07-20,NYSE:OEC,7.04,6.7,6.76,7.04,1.0,472584
2026-07-21,NYSE:OEC,7.22,7.0,7.04,7.2,1.0,581548
2026-07-22,NYSE:OEC,7.6197,7.31,7.31,7.55,1.0,435633
2026-07-23,NYSE:OEC,7.61,6.795,7.51,6.86,1.0,545831
2026-07-24,NYSE:OEC,7.225,6.87,6.98,6.99,1.0,429535
2026-07-27,NYSE:OEC,7.09,6.58,7.09,6.73,1.0,458892
2026-07-28,NYSE:OEC,7.1898,6.86,6.86,7.1,1.0,419109
2026-07-29,NYSE:OEC,7.22,6.782,7.07,7.15,1.0,401919
2026-07-30,NYSE:OEC,7.15,6.67,7.15,6.76,1.0,377125
2026-07-31,NYSE:OEC,6.77,6.41,6.66,6.75,1.0,337806
2026-08-03,NYSE:OEC,6.94,6.125,6.125,6.83,1.0,404626
2026-08-04,NYSE:OEC,6.83,6.525,6.83,6.66,1.0,447772
2026-08-05,NYSE:OEC,6.69,6.25,6.53,6.56,1.0,468830
2026-08-06,NYSE:OEC,8.24,6.88,7.23,7.6,1.0,811227
2026-08-07,NYSE:OEC,7.485,6.6175,7.34,7.24,1.0,560252
2026-08-10,NYSE:OEC,7.26,6.83,7.23,6.88,1.0,346576
2026-08-11,NYSE:OEC,7.155,6.62,6.95,6.67,1.0,495098
2026-08-12,NYSE:OEC,6.75,6.39,6.75,6.44,1.0,378369
2026-08-13,NYSE:OEC,6.52,6.34,6.36,6.37,1.0,437405
2026-08-14,NYSE:OEC,6.505,6.32,6.35,6.44,1.0,322280
2026-08-17,NYSE:OEC,6.56,6.12,6.41,6.23,1.0,348654
2026-08-18,NYSE:OEC,6.3,6.03,6.3,6.07,1.0,376195
2026-08-19,NYSE:OEC,6.39,6.05,6.23,6.07,1.0,379794
2026-08-20,NYSE:OEC,6.175,5.92,6.1,6.09,1.0,390333
2026-08-21,NYSE:OEC,6.15,6.0,6.12,6.12,1.0,701420
2026-08-24,NYSE:OEC,6.25,5.98,6.16,6.02,1.0,413747
2026-08-25,NYSE:OEC,6.02,5.87,6.01,5.97,1.0,392388
2026-08-26,NYSE:OEC,6.225,5.89,5.99,6.17,1.0,541521
2026-08-27,NYSE:OEC,6.285,6.085,6.17,6.27,1.0,435307
2026-08-28,NYSE:OEC,6.56,6.24,6.35,6.34,1.0,472732
2026-06-22,NASDAQ:HTO,57.25,56.445,56.64,56.7,1.0,400132
2026-06-23,NASDAQ:HTO,57.93,57.095,57.24,57.54,1.0,342492
2026-06-24,NASDAQ:HTO,59.21,57.605,57.7,59.17,1.0,423809
2026-06-25,NASDAQ:HTO,60.39,57.85,59.23,59.82,1.0,427910
2026-06-26,NASDAQ:HTO,60.9,59.34,60.25,60.69,1.0,1232033
2026-06-29,NASDAQ:HTO,61.075,59.935,60.81,61.01,1.0,458235
2026-06-30,NASDAQ:HTO,61.6,60.455,60.9,60.77,1.0,494909
2026-07-01,NASDAQ:HTO,61.79,60.23,61.18,60.74,1.0,702138
2026-07-02,NASDAQ:HTO,62.675,61.12,61.12,62.42,1.0,526320
2026-07-06,NASDAQ:HTO,62.28,61.12,62.28,61.21,1.0,470909
2026-07-07,NASDAQ:HTO,63.2799,61.59,62.0,61.77,1.0,294062
2026-07-08,NASDAQ:HTO,62.0,61.27,61.96,61.33,1.0,350381
2026-07-09,NASDAQ:HTO,61.84,60.54,61.44,61.46,1.0,478636
2026-07-10,NASDAQ:HTO,62.2,61.3,61.3,61.47,1.0,316849
2026-07-13,NASDAQ:HTO,62.55,61.67,61.87,62.47,1.0,1093702
2026-07-14,NASDAQ:HTO,63.19,61.97,62.47,62.94,1.0,550170
2026-07-15,NASDAQ:HTO,63.61,62.305,62.94,62.65,1.0,494223
2026-07-16,NASDAQ:HTO,64.55,62.955,63.0,64.39,1.0,719398
2026-07-17,NASDAQ:HTO,65.56,64.32,65.19,65.43,1.0,657220
2026-07-20,NASDAQ:HTO,66.05,64.38,65.0,64.52,1.0,442521
2026-07-21,NASDAQ:HTO,64.635,63.43,64.13,64.02,1.0,699089
2026-07-22,NASDAQ:HTO,64.3589,63.74,64.02,63.93,1.0,318756
2026-07-23,NASDAQ:HTO,64.29,63.225,63.52,63.92,1.0,390195
2026-07-24,NASDAQ:HTO,64.64,63.79,64.22,63.84,1.0,353698
2026-07-27,NASDAQ:HTO,64.18,63.16,64.14,63.5,1.0,392413
2026-07-28,NASDAQ:HTO,67.09,63.33,63.33,64.25,1.0,834786
2026-07-29,NASDAQ:HTO,65.065,62.93,64.35,63.76,1.0,547267
2026-07-30,NASDAQ:HTO,63.65,61.72,63.65,61.97,1.0,434905
2026-07-31,NASDAQ:HTO,62.32,61.085,62.18,61.33,1.0,311933
2026-08-03,NASDAQ:HTO,62.9,61.07,61.81,61.08,1.0,477385
2026-08-04,NASDAQ:HTO,62.4825,60.1,60.61,62.2,1.0,405534
2026-08-05,NASDAQ:HTO,62.12,61.25,62.12,61.81,1.0,467666
2026-08-06,NASDAQ:HTO,62.45,61.195,62.27,61.78,1.0,411112
2026-08-07,NASDAQ:HTO,62.815,60.95,61.7,62.66,1.0,281471
2026-08-10,NASDAQ:HTO,61.935,60.63,61.78,61.245,1.0,360675
2026-08-11,NASDAQ:HTO,62.43,61.0101,61.31,62.28,1.0,373185
2026-08-12,NASDAQ:HTO,62.81,62.03,62.18,62.57,1.0,298356
2026-08-13,NASDAQ:HTO,63.42,62.755,62.77,63.29,1.0,224685
2026-08-14,NASDAQ:HTO,63.94,63.095,63.54,63.85,1.0,213099
2026-08-17,NASDAQ:HTO,63.64,62.42,63.24,63.21,1.0,399522
2026-08-18,NASDAQ:HTO,64.15,63.205,64.11,63.3,1.0,336280
2026-08-19,NASDAQ:HTO,63.9,62.87,63.56,63.53,1.0,361721
2026-08-20,NASDAQ:HTO,64.545,62.82,63.03,64.25,1.0,266584
2026-08-21,NASDAQ:HTO,64.43,63.41,64.43,63.48,1.0,238476
2026-08-24,NASDAQ:HTO,64.56,63.01,63.48,64.49,1.0,310982
2026-08-25,NASDAQ:HTO,64.53,63.65,64.28,63.89,1.0,250660
2026-08-26,NASDAQ:HTO,64.16,63.32,64.01,63.68,1.0,251974
2026-08-27,NASDAQ:HTO,63.245,62.13,62.9,63.1,1.0,331782
2026-08-28,NASDAQ:HTO,63.78,62.833999999999996,63.36,63.55,1.0,414692
2026-06-22,NASDAQ:LRCX,409.75,392.075,398.39,409.54,1.0,14638623
2026-06-23,NASDAQ:LRCX,377.1,365.26,369.705,371.33,1.0,16065245
2026-06-24,NASDAQ:LRCX,376.98,361.41,366.865,374.8,1.0,12016719
2026-06-25,NASDAQ:LRCX,407.99,372.3,407.99,401.82,1.0,16845288
2026-06-26,NASDAQ:LRCX,389.88,374.311,385.5,379.09,1.0,19733700
2026-06-29,NASDAQ:LRCX,414.98,379.1,383.01,410.91,1.0,14049627
2026-06-30,NASDAQ:LRCX,438.5,414.01,416.29,433.33,1.0,16885085
2026-07-01,NASDAQ:LRCX,415.49,381.0,404.97,391.26,1.0,18699329
2026-07-02,NASDAQ:LRCX,392.5,342.475,391.06,351.41,1.0,18973407
2026-07-06,NASDAQ:LRCX,366.08,348.27,365.34,350.2,1.0,13581653
2026-07-07,NASDAQ:LRCX,330.75,313.1,322.405,326.13,1.0,15530626
2026-07-08,NASDAQ:LRCX,337.5,322.72,325.47,333.15,1.0,8029421
2026-07-09,NASDAQ:LRCX,369.95,350.06,365.13,353.17,1.0,12119689
2026-07-10,NASDAQ:LRCX,354.73,338.1319,341.36,350.33,1.0,6890932
2026-07-13,NASDAQ:LRCX,337.98,326.9,335.0,329.92,1.0,9770512
2026-07-14,NASDAQ:LRCX,354.66,338.875,354.66,346.1,1.0,10699071
2026-07-15,NASDAQ:LRCX,357.25,319.79,357.25,335.43,1.0,10257338
2026-07-16,NASDAQ:LRCX,336.68,315.16,324.985,320.96,1.0,10641270
2026-07-17,NASDAQ:LRCX,322.0699,298.65,303.83,313.3,1.0,12805720
2026-07-20,NASDAQ:LRCX,324.4499,305.26,321.15,306.76,1.0,8074372
2026-07-21,NASDAQ:LRCX,328.135,313.29,328.13,322.0,1.0,11936455
2026-07-22,NASDAQ:LRCX,322.25,310.55,310.55,319.29,1.0,6344664
2026-07-23,NASDAQ:LRCX,325.88,314.35,315.495,319.78,1.0,8106898
2026-07-24,NASDAQ:LRCX,319.7,301.675,312.62,305.21,1.0,9278352
2026-07-27,NASDAQ:LRCX,309.5,278.45,306.305,291.61,1.0,14117637
2026-07-28,NASDAQ:LRCX,277.3,258.53,275.165,269.61,1.0,16097703
2026-07-29,NASDAQ:LRCX,273.46,250.5,264.51,252.35,1.0,16103109
2026-07-30,NASDAQ:LRCX,319.5,294.25,318.29,297.72,1.0,22085849
2026-07-31,NASDAQ:LRCX,318.4,292.93,315.37,293.02,1.0,12561150
2026-08-03,NASDAQ:LRCX,295.93,276.8447,283.34,294.61,1.0,10010904
2026-08-04,NASDAQ:LRCX,320.25,306.16,308.83,317.74,1.0,15796629
2026-08-05,NASDAQ:LRCX,323.64,305.36,318.54,307.42,1.0,9302038
2026-08-06,NASDAQ:LRCX,314.16,293.65,300.0,305.77,1.0,7430396
2026-08-07,NASDAQ:LRCX,315.59,303.83,311.87,311.35,1.0,6714117
2026-08-10,NASDAQ:LRCX,319.99,305.5,319.5,306.4,1.0,7022760
2026-08-11,NASDAQ:LRCX,316.86,309.35,315.03,311.41,1.0,7669436
2026-08-12,NASDAQ:LRCX,329.4899,323.5,326.835,326.11,1.0,8075626
2026-08-13,NASDAQ:LRCX,345.12,324.01,327.62,337.01,1.0,8900984
2026-08-14,NASDAQ:LRCX,342.0,326.555,332.36,332.36,1.0,7422941
2026-08-17,NASDAQ:LRCX,345.28,333.4,337.87,343.84,1.0,8505606
2026-08-18,NASDAQ:LRCX,329.0734,317.411,324.18,327.92,1.0,10209998
2026-08-19,NASDAQ:LRCX,328.57,305.0801,328.52,307.17,1.0,10861470
2026-08-20,NASDAQ:LRCX,312.54,302.95,305.225,310.53,1.0,6802559
2026-08-21,NASDAQ:LRCX,319.1,303.85,317.86,314.0,1.0,5946979
2026-08-24,NASDAQ:LRCX,311.44,297.78,307.94,310.17,1.0,8614313
2026-08-25,NASDAQ:LRCX,318.61,307.86,316.2,314.66,1.0,5023289
2026-08-26,NASDAQ:LRCX,315.72,308.05,314.61,312.88,1.0,4113545
2026-08-27,NASDAQ:LRCX,321.41,310.44023,318.88,318.58,1.0,6561235
2026-08-28,NASDAQ:LRCX,318.29,301.0501,318.03,301.9,1.0,8032020
2026-06-22,NASDAQ:EXPO,56.965,54.07,56.965,55.87,1.0,960778
2026-06-23,NASDAQ:EXPO,58.14,56.545,56.98,57.35,1.0,642263
2026-06-24,NASDAQ:EXPO,58.6,57.11,57.28,57.94,1.0,488195
2026-06-25,NASDAQ:EXPO,58.94,57.17,57.94,58.0,1.0,444053
2026-06-26,NASDAQ:EXPO,61.11,57.9,57.9,60.83,1.0,1264840
2026-06-29,NASDAQ:EXPO,61.43,59.69,60.88,59.7,1.0,514539
2026-06-30,NASDAQ:EXPO,59.68,58.18,59.56,58.76,1.0,520002
2026-07-01,NASDAQ:EXPO,61.44,59.24,59.76,59.94,1.0,724186
2026-07-02,NASDAQ:EXPO,61.38,60.03,60.37,60.98,1.0,508034
2026-07-06,NASDAQ:EXPO,61.6,59.675,60.88,61.18,1.0,381182
2026-07-07,NASDAQ:EXPO,63.52,61.74,62.0,62.07,1.0,673014
2026-07-08,NASDAQ:EXPO,62.475,60.39,62.26,60.95,1.0,489199
2026-07-09,NASDAQ:EXPO,62.3,59.31,60.43,62.17,1.0,496778
2026-07-10,NASDAQ:EXPO,62.97,61.415,62.73,62.1,1.0,392166
2026-07-13,NASDAQ:EXPO,64.5,62.81,62.81,63.59,1.0,478701
2026-07-14,NASDAQ:EXPO,63.19,61.45,62.91,62.08,1.0,521040
2026-07-15,NASDAQ:EXPO,63.94,61.89,62.095,62.06,1.0,377343
2026-07-16,NASDAQ:EXPO,64.46,62.56,63.09,64.41,1.0,534557
2026-07-17,NASDAQ:EXPO,65.565,62.795,64.14,62.88,1.0,416827
2026-07-20,NASDAQ:EXPO,63.7,61.3401,62.59,62.68,1.0,1038483
2026-07-21,NASDAQ:EXPO,62.115,60.625,61.5,60.66,1.0,670825
2026-07-22,NASDAQ:EXPO,61.71,59.97,60.76,60.72,1.0,513532
2026-07-23,NASDAQ:EXPO,61.03,59.68,60.15,59.98,1.0,325259
2026-07-24,NASDAQ:EXPO,61.84,60.6,60.68,61.44,1.0,487475
2026-07-27,NASDAQ:EXPO,63.28,62.06,62.19,62.76,1.0,529680
2026-07-28,NASDAQ:EXPO,66.03,63.79,63.79,65.0,1.0,566906
2026-07-29,NASDAQ:EXPO,67.185,64.85,64.85,65.845,1.0,671971
2026-07-30,NASDAQ:EXPO,65.18,62.89,65.16,64.57,1.0,775084
2026-07-31,NASDAQ:EXPO,68.7,64.84,65.58,66.85,1.0,1269885
2026-08-03,NASDAQ:EXPO,69.535,67.2619,67.35,68.27,1.0,585113
2026-08-04,NASDAQ:EXPO,68.46,67.36,67.93,67.84,1.0,348389
2026-08-05,NASDAQ:EXPO,68.45,66.56,68.45,66.89,1.0,432776
2026-08-06,NASDAQ:EXPO,66.935,65.26,66.89,66.21,1.0,409993
2026-08-07,NASDAQ:EXPO,67.64,65.83,65.86,66.79,1.0,294647
2026-08-10,NASDAQ:EXPO,67.55,65.2702,66.26,67.52,1.0,410113
2026-08-11,NASDAQ:EXPO,69.105,66.01,67.02,68.35,1.0,366884
2026-08-12,NASDAQ:EXPO,68.28,66.46,67.34,67.64,1.0,400365
2026-08-13,NASDAQ:EXPO,68.55,66.78,68.38,68.21,1.0,391475
2026-08-14,NASDAQ:EXPO,68.5,66.9,68.41,67.1,1.0,263614
2026-08-17,NASDAQ:EXPO,67.04,65.9,67.04,66.19,1.0,414158
2026-08-18,NASDAQ:EXPO,69.65,66.91,67.04,67.51,1.0,380459
2026-08-19,NASDAQ:EXPO,70.28,67.65,67.75,69.91,1.0,391067
2026-08-20,NASDAQ:EXPO,70.285,68.97,69.1,69.38,1.0,295378
2026-08-21,NASDAQ:EXPO,70.38,68.745,69.28,70.21,1.0,372203
2026-08-24,NASDAQ:EXPO,71.45,70.4,70.4,70.78,1.0,415484
2026-08-25,NASDAQ:EXPO,71.39,68.7802,70.32,70.12,1.0,368371
2026-08-26,NASDAQ:EXPO,70.665,68.75,70.12,70.34,1.0,355879
2026-08-27,NASDAQ:EXPO,71.555,69.9006,70.34,71.15,1.0,301710
2026-08-28,NASDAQ:EXPO,71.92,70.83,71.04,71.53,1.0,292215
